job_id,date,unloading_time_min,start_time,end_time,lat,long,vol_m3,weight_kg
205921,02-01-2024,16,10:00,23:00,51.541782,-0.119571,3.64,82
205922,02-01-2024,22,10:00,23:00,51.549544,-0.317543,1.77,103
216810,02-01-2024,17,10:00,23:00,51.542744,-0.04428,3.02,128
216811,02-01-2024,22,10:00,23:00,51.607627,-0.480161,2.44,61
223881,02-01-2024,11,10:00,23:00,51.401156,-0.000819,2.85,79
232878,02-01-2024,10,10:00,23:00,51.473643,-0.346956,1.67,96
232947,02-01-2024,33,10:00,23:00,51.371652,0.084668,1.88,187
232948,02-01-2024,29,10:00,23:00,51.539837,-0.24645,2.85,199
233193,02-01-2024,10,10:00,23:00,51.510879,-0.258375,2.76,80
233194,02-01-2024,10,10:00,23:00,51.452994,-0.164464,3.02,58
238684,02-01-2024,14,10:00,23:00,51.541102,-0.324825,3.7,74
241003,02-01-2024,10,10:00,23:00,51.378845,0.078465,1.59,44
241004,02-01-2024,12,10:00,23:00,51.55901,-0.122703,2.53,57
241699,02-01-2024,21,10:00,23:00,51.475383,-0.113882,3.78,140
241700,02-01-2024,24,10:00,23:00,51.450637,-0.35765,3.77,114
245053,02-01-2024,10,10:00,23:00,51.471064,-0.208878,1.36,75
245054,02-01-2024,10,10:00,23:00,51.540349,-0.19467,1.74,59
250110,02-01-2024,14,10:00,23:00,51.410282,-0.061284,0.97,89
250111,02-01-2024,10,10:00,23:00,51.533879,-0.093403,3.49,97
250264,02-01-2024,10,10:00,23:00,51.61087,-0.272245,1.86,74
250265,02-01-2024,10,10:00,23:00,51.518312,-0.205285,0.61,90
250972,02-01-2024,14,10:00,23:00,51.512999,-0.034323,1.5,90
250973,02-01-2024,12,10:00,23:00,51.525653,-0.132057,2.29,87
263117,02-01-2024,14,10:00,23:00,51.532839,-0.29206,3.08,63
272295,02-01-2024,15,10:00,23:00,51.593762,0.182243,1.75,73
272296,02-01-2024,18,10:00,23:00,51.58291,0.172508,1.75,78
276546,02-01-2024,41,10:00,23:00,51.372486,-0.1175,1.78,99
277366,02-01-2024,10,10:00,23:00,51.473712,-0.137344,2.64,25
279880,02-01-2024,28,10:00,23:00,51.535525,-0.388909,2.7,235
286921,02-01-2024,21,10:00,23:00,51.575904,-0.222847,3.54,150
286922,02-01-2024,22,10:00,23:00,51.525017,-0.176116,1.75,184
288656,02-01-2024,20,10:00,23:00,51.576756,-0.035056,2.98,77
292110,02-01-2024,35,10:00,23:00,51.50908,0.127009,5.55,285
292111,02-01-2024,37,10:00,23:00,51.414778,-0.177599,5.56,257
299376,02-01-2024,30,10:00,23:00,51.607641,-0.279171,3.72,310
299377,02-01-2024,27,10:00,23:00,51.582461,0.070062,3.72,278
311187,02-01-2024,12,10:00,23:00,51.537367,-0.123047,3.99,76
203816,03-01-2024,26,10:00,23:00,51.510079,-0.461211,3.9,71
203817,03-01-2024,26,10:00,23:00,51.539684,-0.193414,2.5,94
204091,03-01-2024,10,10:00,23:00,51.537483,-0.083266,0.95,91
204956,03-01-2024,15,10:00,23:00,51.473004,-0.099567,0.94,92
205876,03-01-2024,12,10:00,23:00,51.546571,-0.057197,3.38,76
205937,03-01-2024,15,10:00,23:00,51.547922,0.012707,3.41,81
206286,03-01-2024,50,10:00,23:00,51.592358,-0.108359,7.76,361
206287,03-01-2024,42,10:00,23:00,51.639975,-0.157812,7.76,412
208604,03-01-2024,20,10:00,23:00,51.538639,0.067202,2.48,152
208664,03-01-2024,22,10:00,23:00,51.536561,-0.001807,2.16,92
208665,03-01-2024,24,10:00,23:00,51.537846,-0.100991,1.22,135
208666,03-01-2024,10,10:00,23:00,51.569852,-0.071328,1.64,70
208667,03-01-2024,17,10:00,23:00,51.495972,-0.088977,3.34,91
208668,03-01-2024,13,10:00,23:00,51.374617,-0.117347,2.19,78
208754,03-01-2024,12,10:00,23:00,51.415021,-0.372311,2.41,58
208755,03-01-2024,10,10:00,23:00,51.499153,-0.017906,3.36,50
209528,03-01-2024,15,10:00,23:00,51.527667,0.019311,2.07,70
209543,03-01-2024,10,10:00,23:00,51.401961,-0.276757,1.46,58
209544,03-01-2024,11,10:00,23:00,51.600668,-0.338547,1.81,84
212865,03-01-2024,17,10:00,23:00,51.495853,-0.076386,3.47,70
212866,03-01-2024,20,10:00,23:00,51.511927,0.01859,3.4,60
213036,03-01-2024,27,10:00,23:00,51.462264,-0.098205,3.4,173
213037,03-01-2024,30,10:00,23:00,51.604081,-0.123829,3.06,202
214843,03-01-2024,31,10:00,23:00,51.529495,0.00547,6,242
216973,03-01-2024,40,10:00,23:00,51.517347,-0.134848,5.1,359
217192,03-01-2024,29,10:00,23:00,51.430578,0.086947,2.07,227
217697,03-01-2024,14,10:00,23:00,51.540195,-0.047312,2.51,80
217698,03-01-2024,19,10:00,23:00,51.538371,-0.488981,1.58,64
218420,03-01-2024,21,10:00,23:00,51.619416,-0.295312,3.9,149
218911,03-01-2024,13,10:00,23:00,51.52725,-0.263719,1.63,79
219316,03-01-2024,11,10:00,23:00,51.475615,-0.168757,1.72,87
219680,03-01-2024,13,10:00,23:00,51.575612,-0.22268,2.2,120
220827,03-01-2024,42,10:00,23:00,51.357875,-0.19534,5,280
221743,03-01-2024,12,10:00,23:00,51.488557,0.007885,3.39,92
221744,03-01-2024,11,10:00,23:00,51.525198,-0.082645,2.17,21
221825,03-01-2024,10,10:00,23:00,51.452427,-0.219753,2.53,32
223299,03-01-2024,16,10:00,23:00,51.526232,-0.129085,1.86,85
223300,03-01-2024,13,10:00,23:00,51.563156,-0.382793,3.9,116
223303,03-01-2024,14,10:00,23:00,51.561009,-0.358118,2.01,69
224142,03-01-2024,73,10:00,23:00,51.514583,-0.027525,8.2,529
224143,03-01-2024,53,10:00,23:00,51.403104,-0.299156,8.2,546
225334,03-01-2024,18,10:00,23:00,51.635265,-0.047778,1.73,114
225335,03-01-2024,16,10:00,23:00,51.469742,-0.176066,1.73,88
225356,03-01-2024,10,10:00,23:00,51.530677,-0.282906,2.78,38
225357,03-01-2024,13,10:00,23:00,51.601198,-0.320534,3.51,58
225922,03-01-2024,22,10:00,23:00,51.626324,-0.184778,2.63,100
225923,03-01-2024,20,10:00,23:00,51.549114,-0.090263,3.67,163
226184,03-01-2024,10,10:00,23:00,51.485462,-0.174826,1.03,82
226185,03-01-2024,16,10:00,23:00,51.552749,-0.081903,2.69,80
226518,03-01-2024,13,10:00,23:00,51.552566,-0.082292,2.87,66
227154,03-01-2024,11,10:00,23:00,51.470138,-0.192329,3,80
228428,03-01-2024,26,10:00,23:00,51.50793,-0.065722,3.8,150
228429,03-01-2024,19,10:00,23:00,51.420932,-0.170751,3.8,93
230006,03-01-2024,20,10:00,23:00,51.540639,-0.000906,1.64,153
230007,03-01-2024,21,10:00,23:00,51.530919,-0.179963,2.44,119
230008,03-01-2024,10,10:00,23:00,51.507169,-0.141094,2.34,70
230125,03-01-2024,14,10:00,23:00,51.491627,-0.27493,2.17,105
230126,03-01-2024,16,10:00,23:00,51.499324,-0.315587,1.64,67
230709,03-01-2024,20,10:00,23:00,51.385959,-0.080251,3.64,133
230710,03-01-2024,22,10:00,23:00,51.568469,-0.106046,3.26,160
231987,03-01-2024,10,10:00,23:00,51.562795,-0.10465,2.24,76
231988,03-01-2024,10,10:00,23:00,51.474343,-0.102106,3.39,30
232796,03-01-2024,32,10:00,23:00,51.492827,-0.035003,2.91,165
232797,03-01-2024,28,10:00,23:00,51.568283,0.004584,2.91,152
232879,03-01-2024,15,10:00,23:00,51.553164,-0.140457,2.49,57
232880,03-01-2024,16,10:00,23:00,51.383871,-0.2261,3.5,99
233133,03-01-2024,42,10:00,23:00,51.610494,-0.218608,5.71,317
233699,03-01-2024,16,10:00,23:00,51.439041,-0.416003,2.23,113
233921,03-01-2024,10,10:00,23:00,51.557132,-0.275035,1.84,67
233922,03-01-2024,11,10:00,23:00,51.544617,-0.101185,2.79,64
234034,03-01-2024,40,10:00,23:00,51.56989,-0.340895,4.8,324
234035,03-01-2024,48,10:00,23:00,51.556247,-0.276878,4.8,329
234036,03-01-2024,16,10:00,23:00,51.580578,-0.340319,1.99,99
234037,03-01-2024,14,10:00,23:00,51.538833,-0.276775,1.91,114
234038,03-01-2024,10,10:00,23:00,51.463702,-0.081453,2.83,41
234039,03-01-2024,11,10:00,23:00,51.589325,-0.00867,2.12,44
234917,03-01-2024,15,10:00,23:00,51.568675,-0.228521,1.37,113
236547,03-01-2024,10,10:00,23:00,51.588929,-0.015794,3.93,89
236548,03-01-2024,10,10:00,23:00,51.593285,-0.038564,1.21,47
237080,03-01-2024,13,10:00,23:00,51.428389,-0.015835,2.79,73
237215,03-01-2024,18,10:00,23:00,51.416297,0.073357,3.11,140
237397,03-01-2024,37,10:00,23:00,51.575907,-0.222006,3.86,89
237473,03-01-2024,87,10:00,23:00,51.555886,-0.157539,10.28,495
238093,03-01-2024,10,10:00,23:00,51.491643,-0.158144,1.01,99
238347,03-01-2024,38,10:00,23:00,51.621844,-0.078311,4.22,311
240152,03-01-2024,14,10:00,23:00,51.547755,-0.135017,1.63,98
240153,03-01-2024,13,10:00,23:00,51.522091,-0.078777,1.1,106
242020,03-01-2024,33,10:00,23:00,51.491321,-0.105702,4.32,212
242021,03-01-2024,33,10:00,23:00,51.58499,-0.062376,4.32,201
242981,03-01-2024,14,10:00,23:00,51.483167,-0.21481,3.2,81
242982,03-01-2024,16,10:00,23:00,51.534368,-0.293863,1.24,106
245603,03-01-2024,39,10:00,23:00,51.483586,-0.086647,7.27,382
245604,03-01-2024,64,10:00,23:00,51.553226,-0.163441,7.27,351
245717,03-01-2024,24,10:00,23:00,51.524544,-0.071499,3.98,103
246718,03-01-2024,43,10:00,23:00,51.559696,-0.060251,5.63,250
246719,03-01-2024,32,10:00,23:00,51.548526,-0.156985,5.63,282
247033,03-01-2024,54,10:00,23:00,51.41177,0.132941,5.49,453
247034,03-01-2024,55,10:00,23:00,51.536308,0.040855,5.49,475
247052,03-01-2024,59,10:00,23:00,51.608493,-0.192157,6.57,506
247696,03-01-2024,13,10:00,23:00,51.536194,-0.024685,1.68,100
247697,03-01-2024,17,10:00,23:00,51.488767,-0.004733,2.73,66
247780,03-01-2024,76,10:00,23:00,51.463133,-0.021092,8.03,563
248219,03-01-2024,16,10:00,23:00,51.596212,-0.241112,3.75,124
248220,03-01-2024,22,10:00,23:00,51.486993,-0.071593,3.54,59
248221,03-01-2024,14,10:00,23:00,51.541953,-0.090839,1.75,86
248605,03-01-2024,17,10:00,23:00,51.516402,-0.08281,2.15,62
248815,03-01-2024,15,10:00,23:00,51.514175,-0.068492,2.58,133
248816,03-01-2024,17,10:00,23:00,51.515883,-0.122214,2.58,131
250613,03-01-2024,10,10:00,23:00,51.546358,-0.171464,2.53,71
251421,03-01-2024,28,10:00,23:00,51.560934,-0.016198,3.67,206
251422,03-01-2024,27,10:00,23:00,51.552754,-0.102572,2.82,180
251423,03-01-2024,31,10:00,23:00,51.549634,-0.228454,2.82,249
251645,03-01-2024,10,10:00,23:00,51.494312,-0.025236,2.26,56
251646,03-01-2024,10,10:00,23:00,51.517896,-0.119759,1.39,88
251688,03-01-2024,12,10:00,23:00,51.492034,-0.23117,1.2,57
252064,03-01-2024,50,10:00,23:00,51.406988,-0.02405,7.62,389
252383,03-01-2024,10,10:00,23:00,51.49332,-0.201766,3.54,47
253578,03-01-2024,41,10:00,23:00,51.498647,-0.222863,2.97,304
253579,03-01-2024,29,10:00,23:00,51.374149,-0.117635,3.56,281
253877,03-01-2024,13,10:00,23:00,51.538339,-0.189984,2.05,100
253878,03-01-2024,10,10:00,23:00,51.411687,-0.043158,2.59,90
254215,03-01-2024,12,10:00,23:00,51.500493,-0.013386,1.22,89
254530,03-01-2024,14,10:00,23:00,51.488057,-0.150234,1.62,70
254531,03-01-2024,15,10:00,23:00,51.475821,-0.15397,0.89,123
254532,03-01-2024,95,10:00,23:00,51.615066,-0.317618,11.09,602
254533,03-01-2024,66,10:00,23:00,51.526823,-0.024407,11.09,611
254620,03-01-2024,34,10:00,23:00,51.590583,0.21346,3.03,226
254621,03-01-2024,33,10:00,23:00,51.453651,-0.226622,2.77,239
255144,03-01-2024,60,10:00,23:00,51.55468,-0.140429,6.81,438
257106,03-01-2024,37,10:00,23:00,51.532413,-0.006123,2.89,225
257107,03-01-2024,28,10:00,23:00,51.508602,-0.007618,2.8,226
257108,03-01-2024,27,10:00,23:00,51.550661,-0.104286,2.68,214
257131,03-01-2024,16,10:00,23:00,51.377446,0.075722,2.89,127
257132,03-01-2024,19,10:00,23:00,51.467657,-0.186566,2.89,102
257873,03-01-2024,13,10:00,23:00,51.465226,-0.223221,2.66,77
257965,03-01-2024,15,10:00,23:00,51.354586,-0.196474,2.64,31
259374,03-01-2024,71,10:00,23:00,51.496119,-0.054098,6.76,440
259375,03-01-2024,78,10:00,23:00,51.463302,-0.025181,6.76,435
259456,03-01-2024,25,10:00,23:00,51.44706,0.08085,1.28,131
261549,03-01-2024,17,10:00,23:00,51.459374,-0.077657,3.15,106
261550,03-01-2024,21,10:00,23:00,51.591159,0.218637,3.15,157
263762,03-01-2024,18,10:00,23:00,51.460603,0.023862,3.57,141
263802,03-01-2024,51,10:00,23:00,51.58656,-0.299897,8.06,491
263803,03-01-2024,63,10:00,23:00,51.474124,-0.338027,8.06,481
264197,03-01-2024,10,10:00,23:00,51.510967,-0.037807,3.74,92
266191,03-01-2024,10,10:00,23:00,51.501296,-0.227062,2.61,96
267161,03-01-2024,23,10:00,23:00,51.548734,-0.04809,1.83,140
267290,03-01-2024,21,10:00,23:00,51.51068,-0.096597,1.93,128
267291,03-01-2024,25,10:00,23:00,51.514954,-0.146736,1.94,142
267413,03-01-2024,10,10:00,23:00,51.350091,-0.196036,2.68,81
267414,03-01-2024,10,10:00,23:00,51.50022,-0.231075,3.28,85
268822,03-01-2024,15,10:00,23:00,51.520604,-0.482049,1.86,47
269440,03-01-2024,17,10:00,23:00,51.555282,-0.195447,2.48,95
269441,03-01-2024,18,10:00,23:00,51.534406,-0.172534,2.48,110
269501,03-01-2024,10,10:00,23:00,51.489884,0.024772,2.9,90
270143,03-01-2024,10,10:00,23:00,51.607708,-0.109033,2.72,71
270144,03-01-2024,10,10:00,23:00,51.46684,-0.386565,3.04,61
271490,03-01-2024,18,10:00,23:00,51.530444,-0.116486,3.42,77
274142,03-01-2024,19,10:00,23:00,51.543597,0.099102,3.28,151
274143,03-01-2024,15,10:00,23:00,51.468814,-0.155338,2.12,82
274288,03-01-2024,13,10:00,23:00,51.564846,-0.207608,1.47,54
274413,03-01-2024,21,10:00,23:00,51.537708,-0.103152,2.07,112
275864,03-01-2024,40,10:00,23:00,51.439667,-0.171783,4.32,269
275865,03-01-2024,35,10:00,23:00,51.511948,0.172908,4.32,283
276342,03-01-2024,49,10:00,23:00,51.492481,-0.308363,3.92,309
276343,03-01-2024,34,10:00,23:00,51.470904,-0.253917,3.92,276
277042,03-01-2024,21,10:00,23:00,51.47778,-0.010011,2,134
278440,03-01-2024,21,10:00,23:00,51.513488,-0.069388,3.6,151
278441,03-01-2024,19,10:00,23:00,51.503095,-0.082236,1.25,166
280298,03-01-2024,11,10:00,23:00,51.509593,0.174499,3.04,60
281667,03-01-2024,67,10:00,23:00,51.421272,0.010992,10.29,650
281668,03-01-2024,89,10:00,23:00,51.420581,-0.20428,10.29,643
282157,03-01-2024,34,10:00,23:00,51.491061,-0.022551,3.7,281
282158,03-01-2024,27,10:00,23:00,51.520237,0.142401,3.7,274
282172,03-01-2024,18,10:00,23:00,51.504213,-0.337447,2.39,72
282173,03-01-2024,17,10:00,23:00,51.531854,-0.081356,3.66,118
283106,03-01-2024,33,10:00,23:00,51.471315,-0.354714,3.83,255
284024,03-01-2024,20,10:00,23:00,51.435851,0.021859,2.17,175
284025,03-01-2024,20,10:00,23:00,51.575417,-0.222169,2.17,115
285196,03-01-2024,10,10:00,23:00,51.426999,-0.128021,2.37,95
285226,03-01-2024,30,10:00,23:00,51.506274,-0.04265,3.52,148
285227,03-01-2024,32,10:00,23:00,51.521741,-0.071429,3.73,251
285563,03-01-2024,43,10:00,23:00,51.528838,-0.202707,6.74,380
285600,03-01-2024,10,10:00,23:00,51.54546,-0.099235,1.71,57
285874,03-01-2024,19,10:00,23:00,51.500042,0.025182,2.93,57
287017,03-01-2024,10,10:00,23:00,51.606128,-0.265989,2.24,53
287882,03-01-2024,25,10:00,23:00,51.53767,-0.003658,2.37,145
287883,03-01-2024,21,10:00,23:00,51.51282,-0.067075,3.55,127
288969,03-01-2024,69,10:00,23:00,51.409417,0.012443,9.78,532
288970,03-01-2024,77,10:00,23:00,51.576911,-0.223511,9.77,513
289272,03-01-2024,18,10:00,23:00,51.584993,-0.129441,3.4,94
289273,03-01-2024,21,10:00,23:00,51.534021,-0.169935,3.4,123
289704,03-01-2024,13,10:00,23:00,51.412178,-0.289507,3.94,86
289705,03-01-2024,10,10:00,23:00,51.481998,-0.135901,3.12,84
289894,03-01-2024,22,10:00,23:00,54.969247,-1.584802,2.06,100
289895,03-01-2024,16,10:00,23:00,51.603484,-0.000607,2.39,75
290311,03-01-2024,17,10:00,23:00,51.479979,-0.170846,1.23,24
290862,03-01-2024,25,10:00,23:00,51.402816,-0.044992,3.03,119
291262,03-01-2024,35,10:00,23:00,51.527507,-0.053253,3.27,183
291263,03-01-2024,24,10:00,23:00,51.395346,0.118318,3.27,135
291374,03-01-2024,10,10:00,23:00,51.523118,-0.193108,0.88,27
291375,03-01-2024,11,10:00,23:00,51.518813,-0.432208,1.21,87
292844,03-01-2024,10,10:00,23:00,51.519541,-0.016839,0.96,71
294689,03-01-2024,66,10:00,23:00,51.445268,-0.141054,6.31,411
294690,03-01-2024,66,10:00,23:00,51.577151,-0.234969,6.31,487
295213,03-01-2024,14,10:00,23:00,51.508912,0.073117,1.74,65
295214,03-01-2024,19,10:00,23:00,51.450592,-0.148989,1.67,52
296045,03-01-2024,23,10:00,23:00,51.50684,-0.138437,3.3,140
296132,03-01-2024,21,10:00,23:00,51.503878,-0.235917,3.55,122
296133,03-01-2024,22,10:00,23:00,51.547882,-0.343851,2.41,137
296134,03-01-2024,38,10:00,23:00,51.541119,-0.125389,3.38,263
296173,03-01-2024,32,10:00,23:00,51.518085,-0.098963,3.78,238
297152,03-01-2024,38,10:00,23:00,51.446014,-0.143684,4.57,121
299726,03-01-2024,14,10:00,23:00,51.443947,-0.124918,1.17,96
300372,03-01-2024,10,10:00,23:00,51.501435,-0.022332,2.45,53
300373,03-01-2024,10,10:00,23:00,51.520776,-0.11737,3.42,34
300877,03-01-2024,34,10:00,23:00,51.523264,-0.071222,3.78,232
300878,03-01-2024,31,10:00,23:00,51.546972,-0.224569,3.78,228
301317,03-01-2024,33,10:00,23:00,51.420237,-0.087199,4.03,217
301318,03-01-2024,33,10:00,23:00,51.572834,-0.072905,4.03,202
301545,03-01-2024,14,10:00,23:00,51.56449,0.145409,1.69,99
303108,03-01-2024,19,10:00,23:00,51.497549,-0.018169,1.79,97
304490,03-01-2024,12,10:00,23:00,51.494843,0.15897,3.41,74
304517,03-01-2024,10,10:00,23:00,51.534704,-0.357214,2.49,54
304518,03-01-2024,10,10:00,23:00,51.53682,-0.078803,2.23,98
305985,03-01-2024,14,10:00,23:00,51.483837,0.073756,2.19,78
305986,03-01-2024,15,10:00,23:00,51.5101,-0.221039,2.87,96
306906,03-01-2024,24,10:00,23:00,51.468952,-0.1689,3.37,55
307206,03-01-2024,10,10:00,23:00,51.501366,-0.074422,0.92,66
307207,03-01-2024,10,10:00,23:00,51.521674,-0.057766,0.81,68
307208,03-01-2024,16,10:00,23:00,51.564601,-0.130629,2.91,80
307772,03-01-2024,10,10:00,23:00,51.492697,-0.125642,2.31,85
307773,03-01-2024,10,10:00,23:00,51.483562,-0.215829,3.39,83
309280,03-01-2024,23,10:00,23:00,51.512516,-0.072591,2.39,144
309585,03-01-2024,50,10:00,23:00,51.466069,-0.14476,4.9,300
310083,03-01-2024,10,10:00,23:00,51.544928,-0.120579,0.67,86
310552,03-01-2024,15,10:00,23:00,51.490864,-0.133302,1.81,171
310706,03-01-2024,61,10:00,23:00,51.480492,-0.204063,5.97,414
310765,03-01-2024,23,10:00,23:00,51.556204,-0.11691,3.82,189
310766,03-01-2024,27,10:00,23:00,51.489006,0.02468,3.82,177
203587,04-01-2024,62,10:00,23:00,51.410706,-0.306742,3.84,205
203588,04-01-2024,70,10:00,23:00,51.601664,-0.130974,2.75,178
204092,04-01-2024,10,10:00,23:00,51.45412,-0.118173,3.56,54
204093,04-01-2024,15,10:00,23:00,51.627504,-0.064103,2.19,93
204094,04-01-2024,15,10:00,23:00,51.545984,-0.028947,2.17,95
204095,04-01-2024,17,10:00,23:00,51.545569,-0.189893,2.61,54
204442,04-01-2024,36,10:00,23:00,51.496942,-0.311735,3.51,151
206104,04-01-2024,20,10:00,23:00,51.495577,-0.312413,2.42,144
206105,04-01-2024,23,10:00,23:00,51.528014,-0.107464,3.49,153
211995,04-01-2024,37,10:00,23:00,51.571463,-0.114743,4.13,179
211996,04-01-2024,29,10:00,23:00,51.588261,-0.043343,3.62,118
212741,04-01-2024,33,10:00,23:00,51.367229,-0.10526,3.87,128
212742,04-01-2024,33,10:00,23:00,51.509224,-0.264311,3.49,144
213559,04-01-2024,10,10:00,23:00,51.423282,-0.086861,3.31,88
213589,04-01-2024,51,10:00,23:00,51.464161,-0.166737,5.64,294
213590,04-01-2024,59,10:00,23:00,51.542437,0.177038,5.64,340
213941,04-01-2024,57,10:00,23:00,51.460677,-0.21788,6.44,348
213942,04-01-2024,17,10:00,23:00,51.582085,-0.066159,3.49,122
214282,04-01-2024,21,10:00,23:00,51.497747,-0.099454,2.22,117
214283,04-01-2024,21,10:00,23:00,51.55979,-0.195087,3.46,96
214590,04-01-2024,16,10:00,23:00,51.547148,-0.027937,3.34,54
214591,04-01-2024,12,10:00,23:00,51.438382,0.04773,3.18,82
216060,04-01-2024,39,10:00,23:00,51.410208,-0.191691,1.89,69
216061,04-01-2024,20,10:00,23:00,51.517274,-0.315749,2.63,56
216283,04-01-2024,17,10:00,23:00,51.595763,-0.241716,2.8,68
216761,04-01-2024,26,10:00,23:00,51.565936,-0.001306,2.44,141
216762,04-01-2024,22,10:00,23:00,51.571874,-0.372506,2.44,136
217678,04-01-2024,21,10:00,23:00,51.534541,0.078535,1.95,159
217679,04-01-2024,18,10:00,23:00,51.44924,-0.048375,1.95,97
219990,04-01-2024,10,10:00,23:00,51.578429,-0.032842,2.2,48
220872,04-01-2024,50,10:00,23:00,51.558532,-0.083061,5.13,298
220873,04-01-2024,49,10:00,23:00,51.5756,-0.148377,5.13,355
223055,04-01-2024,14,10:00,23:00,51.4301,-0.18504,1.46,48
223056,04-01-2024,15,10:00,23:00,51.493294,-0.279079,2.33,85
224140,04-01-2024,10,10:00,23:00,51.575143,-0.222374,3.24,27
224141,04-01-2024,10,10:00,23:00,51.499598,0.028164,0.51,46
226361,04-01-2024,10,10:00,23:00,51.518417,-0.218434,0.64,83
226362,04-01-2024,32,10:00,23:00,51.612281,-0.181446,3.19,58
226363,04-01-2024,27,10:00,23:00,51.554038,-0.132022,2.69,73
228069,04-01-2024,11,10:00,23:00,51.491367,-0.024579,3.64,37
228070,04-01-2024,10,10:00,23:00,51.542355,-0.125098,2.17,99
228071,04-01-2024,18,10:00,23:00,51.446467,-0.189717,1.75,59
228072,04-01-2024,13,10:00,23:00,51.492909,-0.256565,2.84,82
228545,04-01-2024,26,10:00,23:00,51.423815,-0.271107,3.64,177
230636,04-01-2024,47,10:00,23:00,51.508104,-0.243263,3.7,307
230637,04-01-2024,35,10:00,23:00,51.527118,-0.263814,3.7,289
231047,04-01-2024,26,10:00,23:00,51.458197,-0.20801,4.37,129
234053,04-01-2024,49,10:00,23:00,51.446165,0.000525,6.34,262
234054,04-01-2024,42,10:00,23:00,51.576217,-0.223164,6.34,280
234464,04-01-2024,10,10:00,23:00,51.5914,-0.353377,2.44,79
237248,04-01-2024,75,10:00,23:00,51.530211,-0.099275,9.71,553
237938,04-01-2024,10,10:00,23:00,51.603579,0.028838,1.5,87
237939,04-01-2024,12,10:00,23:00,51.564468,-0.017101,3.43,81
238435,04-01-2024,18,10:00,23:00,51.374885,-0.117852,2.79,139
238436,04-01-2024,19,10:00,23:00,51.614791,-0.012829,1.24,59
240002,04-01-2024,44,10:00,23:00,51.60129,-0.109283,3.9,234
240003,04-01-2024,46,10:00,23:00,51.507671,-0.374456,3.9,213
247454,04-01-2024,28,10:00,23:00,51.482428,-0.138482,4.06,271
248637,04-01-2024,23,10:00,23:00,51.417928,-0.169897,1.84,85
248638,04-01-2024,25,10:00,23:00,51.373848,-0.11506,3.73,143
249212,04-01-2024,18,10:00,23:00,51.53732,-0.140766,3.81,131
249213,04-01-2024,22,10:00,23:00,51.509837,-0.138249,2.5,138
250001,04-01-2024,30,10:00,23:00,51.552557,-0.162118,3,113
250002,04-01-2024,31,10:00,23:00,51.531416,-0.060001,2.75,148
250462,04-01-2024,18,10:00,23:00,51.500125,-0.013699,1.58,138
252065,04-01-2024,24,10:00,23:00,51.445154,-0.356484,2.98,210
252066,04-01-2024,30,10:00,23:00,51.577827,-0.008369,2.98,158
252765,04-01-2024,10,10:00,23:00,51.515931,-0.244626,1.42,77
252766,04-01-2024,15,10:00,23:00,51.500441,-0.172896,1.42,22
253292,04-01-2024,10,10:00,23:00,51.629217,-0.161845,3.08,41
253980,04-01-2024,10,10:00,23:00,51.491621,0.149313,3.28,65
253981,04-01-2024,13,10:00,23:00,51.520785,-0.017349,2.94,96
253982,04-01-2024,17,10:00,23:00,51.610693,-0.004089,3.94,85
254446,04-01-2024,12,10:00,23:00,51.597587,0.032612,1.27,73
254447,04-01-2024,20,10:00,23:00,51.524523,-0.081775,2.24,73
256984,04-01-2024,20,10:00,23:00,51.409581,-0.306709,4.1,123
256985,04-01-2024,23,10:00,23:00,51.365033,-0.185667,4.1,100
257155,04-01-2024,16,10:00,23:00,51.507962,-0.19845,3.55,73
257156,04-01-2024,18,10:00,23:00,51.57541,-0.222465,1.24,69
257192,04-01-2024,15,10:00,23:00,51.516179,-0.187574,3.57,117
257193,04-01-2024,20,10:00,23:00,51.515993,-0.195089,2.83,54
257502,04-01-2024,19,10:00,23:00,51.587988,0.217416,2.07,109
257503,04-01-2024,12,10:00,23:00,51.405935,-0.167385,3.5,125
258834,04-01-2024,11,10:00,23:00,51.37781,-0.078024,2.24,98
258835,04-01-2024,15,10:00,23:00,51.562441,-0.202177,1.47,91
259086,04-01-2024,13,10:00,23:00,51.46588,-0.155929,3.17,91
259131,04-01-2024,40,10:00,23:00,51.520919,-0.182742,4.99,288
259132,04-01-2024,45,10:00,23:00,51.41781,-0.298288,4.99,301
259376,04-01-2024,16,10:00,23:00,51.462343,-0.137339,2.03,126
259377,04-01-2024,18,10:00,23:00,51.554246,-0.28321,2.03,74
260062,04-01-2024,14,10:00,23:00,51.467257,0.12172,2.5,97
261375,04-01-2024,20,10:00,23:00,51.584693,0.236889,2.58,67
261376,04-01-2024,17,10:00,23:00,51.410738,0.029408,3.94,133
261853,04-01-2024,27,10:00,23:00,51.547163,-0.127446,4.14,196
263892,04-01-2024,15,10:00,23:00,51.536333,-0.119623,2.16,95
263967,04-01-2024,10,10:00,23:00,51.543346,-0.022274,3.43,54
263968,04-01-2024,10,10:00,23:00,51.418518,0.127846,1.99,71
266808,04-01-2024,20,10:00,23:00,51.419666,-0.22961,3.24,142
266809,04-01-2024,23,10:00,23:00,51.3779,0.077557,2.34,155
267294,04-01-2024,66,10:00,23:00,51.452192,-0.197112,7.24,500
267295,04-01-2024,57,10:00,23:00,51.551514,-0.167398,7.24,531
268087,04-01-2024,28,10:00,23:00,51.533387,0.082981,3.24,186
270630,04-01-2024,16,10:00,23:00,51.511934,-0.092727,1.4,74
270873,04-01-2024,60,10:00,23:00,51.517902,-0.140137,3.67,242
270874,04-01-2024,28,10:00,23:00,51.516706,-0.156113,3.67,250
272171,04-01-2024,10,10:00,23:00,51.470412,-0.384851,0.65,85
272172,04-01-2024,10,10:00,23:00,51.414084,0.111558,2.61,76
273351,04-01-2024,26,10:00,23:00,51.472391,-0.088196,2.82,170
273352,04-01-2024,22,10:00,23:00,51.599769,-0.110761,3.53,123
274035,04-01-2024,58,10:00,23:00,51.42865,-0.052447,3.33,249
274036,04-01-2024,57,10:00,23:00,51.492767,-0.114238,3.33,285
274358,04-01-2024,40,10:00,23:00,51.479752,-0.080796,4.28,298
274359,04-01-2024,33,10:00,23:00,51.471331,-0.141165,4.28,302
274988,04-01-2024,10,10:00,23:00,51.458293,-0.202907,3.35,48
277532,04-01-2024,10,10:00,23:00,51.492659,-0.206345,2.15,99
277533,04-01-2024,10,10:00,23:00,51.602104,-0.05953,2.53,67
277761,04-01-2024,25,10:00,23:00,51.408316,-0.284475,4.87,202
282714,04-01-2024,17,10:00,23:00,51.499966,-0.023531,1.61,75
282715,04-01-2024,25,10:00,23:00,51.492284,0.017335,1.61,95
285299,04-01-2024,29,10:00,23:00,51.462781,-0.119424,3.05,251
285300,04-01-2024,32,10:00,23:00,51.513056,-0.187175,2.81,235
285581,04-01-2024,36,10:00,23:00,51.540164,-0.198947,3.6,112
285582,04-01-2024,31,10:00,23:00,51.450957,-0.032776,3.6,203
286418,04-01-2024,10,10:00,23:00,51.421235,-0.020089,2.89,59
286911,04-01-2024,10,10:00,23:00,51.450409,-0.184678,1.14,45
286912,04-01-2024,10,10:00,23:00,51.488691,0.002078,2.89,43
288281,04-01-2024,10,10:00,23:00,51.490412,0.055659,2.25,73
288282,04-01-2024,10,10:00,23:00,51.504053,-0.274362,1.01,92
288283,04-01-2024,26,10:00,23:00,51.476282,-0.208178,2.21,130
288284,04-01-2024,23,10:00,23:00,51.484008,0.169107,2.52,95
289585,04-01-2024,12,10:00,23:00,51.534754,-0.092432,3.65,79
289586,04-01-2024,16,10:00,23:00,51.483411,-0.123138,1.58,40
289829,04-01-2024,27,10:00,23:00,51.611898,-0.174192,3.33,168
290034,04-01-2024,35,10:00,23:00,51.541086,-0.007953,3.41,190
290035,04-01-2024,33,10:00,23:00,51.491816,-0.191149,3.41,177
290329,04-01-2024,13,10:00,23:00,51.499201,-0.195297,3.51,94
290330,04-01-2024,15,10:00,23:00,51.501956,-0.125822,1.98,84
291100,04-01-2024,57,10:00,23:00,51.432419,-0.186192,8.13,486
291101,04-01-2024,51,10:00,23:00,51.53417,-0.073166,8.13,433
292108,04-01-2024,25,10:00,23:00,51.553829,-0.114187,3.77,133
292109,04-01-2024,21,10:00,23:00,51.358345,-0.141399,2.87,209
296044,04-01-2024,21,10:00,23:00,51.587748,-0.041337,1.39,146
298416,04-01-2024,10,10:00,23:00,51.53651,-0.165054,2.08,65
298417,04-01-2024,34,10:00,23:00,51.469093,-0.185736,2.23,174
300221,04-01-2024,10,10:00,23:00,51.488672,-0.288703,3.45,27
300222,04-01-2024,10,10:00,23:00,51.523574,0.070095,1.1,39
300651,04-01-2024,10,10:00,23:00,51.456457,-0.165688,1.19,92
300652,04-01-2024,10,10:00,23:00,51.407789,-0.176539,1.36,59
304802,04-01-2024,16,10:00,23:00,51.466078,-0.110201,1.69,87
304803,04-01-2024,12,10:00,23:00,51.368062,-0.309474,1.7,85
307444,04-01-2024,76,10:00,23:00,51.580126,-0.036891,9.15,525
308132,04-01-2024,14,10:00,23:00,51.498511,-0.076368,1.45,72
308133,04-01-2024,13,10:00,23:00,51.489635,-0.14775,1.6,104
309604,04-01-2024,11,10:00,23:00,51.400725,0.017807,3.97,72
309605,04-01-2024,12,10:00,23:00,51.488804,-0.435423,1.04,25
311007,04-01-2024,12,10:00,23:00,51.530694,-0.085054,1.3,94
311008,04-01-2024,12,10:00,23:00,51.451062,-0.084161,3.82,89
203073,05-01-2024,15,10:00,23:00,51.480753,0.064083,2.21,63
203074,05-01-2024,14,10:00,23:00,51.484012,0.073983,2.52,47
204561,05-01-2024,32,10:00,23:00,51.544714,-0.16053,2.58,207
204562,05-01-2024,37,10:00,23:00,51.459148,0.065188,2.51,193
205401,05-01-2024,17,10:00,23:00,51.515332,-0.072282,1.99,76
205402,05-01-2024,15,10:00,23:00,51.44636,-0.332299,0.95,119
205996,05-01-2024,10,10:00,23:00,51.523939,-0.125437,1.62,46
205997,05-01-2024,13,10:00,23:00,51.5157,-0.331658,2.83,68
206469,05-01-2024,97,10:00,23:00,51.57696,-0.106212,7.49,315
207736,05-01-2024,24,10:00,23:00,51.518766,-0.205366,1.56,183
207967,05-01-2024,12,10:00,23:00,51.407307,-0.271807,2.38,87
207968,05-01-2024,14,10:00,23:00,51.49183,-0.181812,2.97,83
209391,05-01-2024,20,10:00,23:00,51.546516,-0.104234,1.13,143
209891,05-01-2024,14,10:00,23:00,51.445391,-0.340644,1.67,72
209892,05-01-2024,25,10:00,23:00,51.390656,-0.305128,2.61,187
209893,05-01-2024,31,10:00,23:00,51.494252,0.067768,3.39,179
209897,05-01-2024,70,10:00,23:00,51.379513,0.102093,5.42,327
209898,05-01-2024,40,10:00,23:00,51.562652,-0.079263,5.42,309
210183,05-01-2024,48,10:00,23:00,51.49493,-0.079101,5.81,393
210231,05-01-2024,10,10:00,23:00,51.424662,-0.20902,2.17,64
210232,05-01-2024,10,10:00,23:00,51.535145,-0.241841,1.7,58
210812,05-01-2024,12,10:00,23:00,51.570392,-0.404319,3.98,81
212037,05-01-2024,10,10:00,23:00,51.504268,-0.115716,3.56,88
212038,05-01-2024,12,10:00,23:00,51.474994,-0.164773,1.2,64
212614,05-01-2024,10,10:00,23:00,51.566246,0.057454,3.67,81
212615,05-01-2024,10,10:00,23:00,51.532148,-0.235753,1.81,63
214877,05-01-2024,16,10:00,23:00,51.503194,-0.236755,2.59,77
214988,05-01-2024,19,10:00,23:00,51.407417,-0.051444,2.52,146
214989,05-01-2024,15,10:00,23:00,51.488102,-0.270336,1.64,88
215095,05-01-2024,59,10:00,23:00,51.482413,-0.104552,7.49,428
215096,05-01-2024,71,10:00,23:00,51.461041,-0.133258,7.49,460
215724,05-01-2024,11,10:00,23:00,51.500779,-0.102832,2.98,56
215725,05-01-2024,25,10:00,23:00,51.464928,-0.080354,3.15,172
215726,05-01-2024,30,10:00,23:00,51.591323,-0.191736,3.8,107
216796,05-01-2024,10,10:00,23:00,51.459049,-0.069792,3.04,67
216948,05-01-2024,13,10:00,23:00,51.370788,-0.198127,1.09,67
217953,05-01-2024,25,10:00,23:00,51.517609,-0.21011,3.21,170
218862,05-01-2024,17,10:00,23:00,51.493114,-0.060188,1.79,125
218863,05-01-2024,10,10:00,23:00,51.507847,-0.385826,3.24,38
218867,05-01-2024,11,10:00,23:00,51.51839,-0.193762,1.86,52
219716,05-01-2024,10,10:00,23:00,51.466098,-0.169099,1.57,57
220263,05-01-2024,25,10:00,23:00,51.530856,-0.025589,2.98,161
220264,05-01-2024,25,10:00,23:00,51.481705,0.010502,3.05,167
221066,05-01-2024,17,10:00,23:00,51.358264,-0.192561,3.74,84
221067,05-01-2024,27,10:00,23:00,51.492778,-0.199009,2.78,117
221304,05-01-2024,38,10:00,23:00,51.503395,-0.194585,3.3,247
221305,05-01-2024,28,10:00,23:00,51.452207,-0.111758,3.3,297
221495,05-01-2024,17,10:00,23:00,51.365055,-0.090304,3.82,137
221849,05-01-2024,10,10:00,23:00,51.419563,-0.176487,0.6,58
222613,05-01-2024,26,10:00,23:00,51.558601,-0.177079,1.89,86
222614,05-01-2024,23,10:00,23:00,51.479374,-0.087232,3.21,99
222615,05-01-2024,15,10:00,23:00,51.590216,-0.06444,3.23,111
222616,05-01-2024,12,10:00,23:00,51.469806,-0.126644,1.7,123
222715,05-01-2024,49,10:00,23:00,51.485483,-0.253977,4.02,268
222716,05-01-2024,42,10:00,23:00,51.517078,-0.076994,4.02,333
222822,05-01-2024,37,10:00,23:00,51.629946,-0.076543,4.76,235
224829,05-01-2024,29,10:00,23:00,51.520662,-0.021899,4.31,211
224830,05-01-2024,37,10:00,23:00,51.616551,-0.183273,4.31,185
224831,05-01-2024,19,10:00,23:00,51.613004,-0.175162,3.77,122
224832,05-01-2024,18,10:00,23:00,51.513739,0.023204,2,90
224833,05-01-2024,10,10:00,23:00,51.543791,-0.088449,2.98,61
224834,05-01-2024,10,10:00,23:00,51.569415,-0.228912,1.33,54
224953,05-01-2024,51,10:00,23:00,51.535106,-0.034082,8.02,439
224954,05-01-2024,59,10:00,23:00,51.464406,-0.014614,8.02,450
225782,05-01-2024,15,10:00,23:00,51.556657,-0.056378,2.97,35
226086,05-01-2024,43,10:00,23:00,51.589209,-0.220209,3.13,117
226087,05-01-2024,41,10:00,23:00,51.465039,-0.113851,3.14,112
226088,05-01-2024,33,10:00,23:00,51.492322,-0.132879,3.53,259
226089,05-01-2024,40,10:00,23:00,51.436021,-0.019648,3.39,246
226090,05-01-2024,21,10:00,23:00,51.526589,-0.112512,3.62,144
226091,05-01-2024,38,10:00,23:00,51.45917,-0.306125,2.58,109
226214,05-01-2024,11,10:00,23:00,51.511958,-0.036117,3.24,114
227011,05-01-2024,10,10:00,23:00,51.575747,-0.350178,0.66,70
227012,05-01-2024,10,10:00,23:00,51.475602,-0.059619,0.64,29
227979,05-01-2024,11,10:00,23:00,51.562392,-0.109733,2.12,67
227980,05-01-2024,11,10:00,23:00,51.433107,-0.16534,1.21,25
229782,05-01-2024,10,10:00,23:00,51.606419,-0.183032,3.6,69
229783,05-01-2024,19,10:00,23:00,51.343699,-0.123875,3.09,84
230954,05-01-2024,10,10:00,23:00,51.44988,-0.157812,1.12,52
231471,05-01-2024,15,10:00,23:00,51.669533,-0.162684,3.95,64
231657,05-01-2024,14,10:00,23:00,51.563343,-0.133566,3.78,43
231658,05-01-2024,12,10:00,23:00,51.522667,-0.434894,1.63,32
232343,05-01-2024,67,10:00,23:00,51.587334,0.068566,4.03,357
232900,05-01-2024,21,10:00,23:00,51.501869,-0.079104,3.3,80
232901,05-01-2024,19,10:00,23:00,51.62729,-0.126728,2.75,78
233087,05-01-2024,13,10:00,23:00,51.562607,0.101277,2.63,82
233088,05-01-2024,10,10:00,23:00,51.615428,-0.062011,2.05,54
233374,05-01-2024,10,10:00,23:00,51.474041,-0.338867,1.26,77
233536,05-01-2024,63,10:00,23:00,51.616141,-0.16408,6.51,401
233537,05-01-2024,21,10:00,23:00,51.501166,-0.049017,1.94,154
233538,05-01-2024,16,10:00,23:00,51.471876,-0.030825,1.94,147
234641,05-01-2024,26,10:00,23:00,51.642969,-0.047498,2.39,146
236624,05-01-2024,27,10:00,23:00,51.533226,-0.101174,7.02,140
236625,05-01-2024,35,10:00,23:00,51.553364,-0.20006,7.02,131
237493,05-01-2024,28,10:00,23:00,51.523459,-0.261506,2.82,167
239731,05-01-2024,14,10:00,23:00,51.37795,-0.097917,1.73,116
240262,05-01-2024,10,10:00,23:00,51.647835,-0.178567,1.13,85
240263,05-01-2024,10,10:00,23:00,51.492842,-0.159559,2.61,68
240264,05-01-2024,11,10:00,23:00,51.574454,-0.363688,2.33,99
242086,05-01-2024,27,10:00,23:00,51.523087,-0.079745,2.46,204
242087,05-01-2024,30,10:00,23:00,51.469404,-0.18529,2.46,265
242263,05-01-2024,47,10:00,23:00,51.449879,-0.33441,7.19,434
242264,05-01-2024,59,10:00,23:00,51.51776,0.189978,7.19,483
243099,05-01-2024,23,10:00,23:00,51.575626,-0.222955,0.75,234
243239,05-01-2024,10,10:00,23:00,51.565856,0.186895,1.22,53
243240,05-01-2024,10,10:00,23:00,51.490509,-0.079851,2.61,56
245065,05-01-2024,18,10:00,23:00,51.531177,-0.183141,1.82,97
245066,05-01-2024,10,10:00,23:00,51.567753,-0.111191,3.45,47
245067,05-01-2024,10,10:00,23:00,51.526697,-0.085631,0.77,86
246376,05-01-2024,26,10:00,23:00,51.439468,-0.039187,3.4,221
248028,05-01-2024,47,10:00,23:00,51.544575,-0.273735,4.02,286
248029,05-01-2024,18,10:00,23:00,51.539447,-0.17354,2.56,70
248030,05-01-2024,24,10:00,23:00,51.58677,-0.353867,2.49,131
248177,05-01-2024,15,10:00,23:00,51.539089,0.0061,3.48,129
248178,05-01-2024,12,10:00,23:00,51.402315,-0.216474,2.33,113
249966,05-01-2024,63,10:00,23:00,51.509987,-0.061246,7.35,503
249967,05-01-2024,87,10:00,23:00,51.35871,-0.190307,7.35,536
250196,05-01-2024,10,10:00,23:00,51.509363,0.174298,3.05,87
250197,05-01-2024,12,10:00,23:00,51.595213,-0.242338,2.19,94
250225,05-01-2024,21,10:00,23:00,51.551697,-0.064956,3.32,140
250226,05-01-2024,16,10:00,23:00,51.487003,-0.087659,1.24,73
250232,05-01-2024,17,10:00,23:00,51.360272,-0.188959,3.66,127
250233,05-01-2024,21,10:00,23:00,51.657759,-0.212385,3.66,93
250234,05-01-2024,10,10:00,23:00,51.523744,0.185597,3.44,70
250235,05-01-2024,11,10:00,23:00,51.467018,-0.084313,1.01,53
250236,05-01-2024,14,10:00,23:00,51.602779,-0.334277,1.73,79
250237,05-01-2024,17,10:00,23:00,51.509879,-0.140048,1.97,88
250294,05-01-2024,57,10:00,23:00,51.495624,0.073464,4.48,245
250295,05-01-2024,39,10:00,23:00,51.496543,-0.099042,4.48,302
250299,05-01-2024,10,10:00,23:00,51.502175,-0.025528,1.71,30
252509,05-01-2024,10,10:00,23:00,51.479179,-0.050253,3.45,63
252660,05-01-2024,17,10:00,23:00,51.431687,-0.08443,1.63,46
253021,05-01-2024,15,10:00,23:00,51.482366,-0.034517,3.03,91
253022,05-01-2024,15,10:00,23:00,51.519817,-0.203377,3.77,31
253023,05-01-2024,37,10:00,23:00,51.551713,-0.13701,3.08,203
253024,05-01-2024,52,10:00,23:00,51.49359,-0.097381,3.08,294
253415,05-01-2024,38,10:00,23:00,51.526332,-0.193385,4.72,233
253979,05-01-2024,75,10:00,23:00,51.493419,0.072309,7.36,555
254088,05-01-2024,10,10:00,23:00,51.505073,-0.124248,2.34,86
254127,05-01-2024,35,10:00,23:00,51.48293,-0.19919,2.97,235
254319,05-01-2024,10,10:00,23:00,51.523766,-0.08944,1.74,69
254320,05-01-2024,10,10:00,23:00,51.598985,-0.244609,1.42,81
255270,05-01-2024,11,10:00,23:00,51.568338,-0.131668,1.47,90
255280,05-01-2024,10,10:00,23:00,51.58756,-0.226494,1.06,98
255281,05-01-2024,10,10:00,23:00,51.383525,-0.07934,1.11,56
255340,05-01-2024,12,10:00,23:00,51.516664,-0.075791,1.87,85
255341,05-01-2024,10,10:00,23:00,51.471313,-0.340538,3.61,81
256979,05-01-2024,20,10:00,23:00,51.514775,-0.126712,1.66,135
256980,05-01-2024,15,10:00,23:00,51.434661,-0.124082,3.61,117
256981,05-01-2024,45,10:00,23:00,51.50099,-0.174717,2.68,245
256982,05-01-2024,38,10:00,23:00,51.497137,-0.186933,3.74,269
256983,05-01-2024,10,10:00,23:00,51.475717,-0.084204,1.4,32
258046,05-01-2024,10,10:00,23:00,51.444808,-0.205504,3.44,100
258858,05-01-2024,17,10:00,23:00,51.464502,-0.011787,1.74,115
260683,05-01-2024,39,10:00,23:00,51.484979,0.007044,6.25,259
260684,05-01-2024,36,10:00,23:00,51.592305,-0.148283,6.24,243
261111,05-01-2024,10,10:00,23:00,51.515172,-0.197376,0.62,89
261422,05-01-2024,10,10:00,23:00,51.54693,-0.049131,2.29,92
261423,05-01-2024,18,10:00,23:00,51.522536,-0.016098,1.12,71
261723,05-01-2024,10,10:00,23:00,51.607864,0.041344,1.23,73
261724,05-01-2024,10,10:00,23:00,51.650185,-0.058464,2.54,34
266320,05-01-2024,10,10:00,23:00,51.530924,-0.025418,1.3,58
266504,05-01-2024,10,10:00,23:00,51.525906,0.064774,3.89,63
266738,05-01-2024,15,10:00,23:00,51.517357,-0.188474,1.4,73
266739,05-01-2024,13,10:00,23:00,51.312408,-0.154693,2.7,109
266743,05-01-2024,25,10:00,23:00,51.485805,-0.187346,2.13,150
266744,05-01-2024,20,10:00,23:00,51.517782,-0.057234,2.72,108
267288,05-01-2024,10,10:00,23:00,51.498877,-0.019806,3.35,95
267289,05-01-2024,10,10:00,23:00,51.43598,-0.183766,3.23,58
267386,05-01-2024,63,10:00,23:00,51.596515,0.223059,7.5,542
267387,05-01-2024,74,10:00,23:00,51.513896,-0.292765,7.5,534
267417,05-01-2024,10,10:00,23:00,51.498844,-0.308891,4,87
267418,05-01-2024,10,10:00,23:00,51.414574,-0.317668,3.41,74
268122,05-01-2024,51,10:00,23:00,51.455052,-0.082759,7.3,354
268123,05-01-2024,43,10:00,23:00,51.589405,-0.164263,7.3,374
270673,05-01-2024,36,10:00,23:00,51.453946,-0.184944,3.92,272
270674,05-01-2024,39,10:00,23:00,51.57478,0.053736,3.92,285
270973,05-01-2024,55,10:00,23:00,51.409742,-0.285254,7.63,472
271113,05-01-2024,130,10:00,23:00,51.604052,-0.13051,10.24,788
271114,05-01-2024,79,10:00,23:00,51.511735,0.00017,10.24,829
271115,05-01-2024,56,10:00,23:00,51.378316,-0.09062,4.79,364
271116,05-01-2024,47,10:00,23:00,51.575671,-0.142124,4.79,407
272061,05-01-2024,19,10:00,23:00,51.510071,-0.088722,2.09,160
272062,05-01-2024,10,10:00,23:00,51.522083,-0.092308,1.11,62
272063,05-01-2024,18,10:00,23:00,51.521101,-0.097371,3.15,24
272064,05-01-2024,11,10:00,23:00,51.53733,-0.300613,3.41,81
272065,05-01-2024,13,10:00,23:00,51.448581,-0.183605,2.33,71
272066,05-01-2024,13,10:00,23:00,51.497764,-0.020746,2.33,79
273416,05-01-2024,36,10:00,23:00,51.495292,-0.076306,6.8,163
273417,05-01-2024,31,10:00,23:00,51.413396,-0.193267,6.81,195
273560,05-01-2024,21,10:00,23:00,51.529185,-0.063882,1.6,161
273561,05-01-2024,22,10:00,23:00,51.536206,-0.103362,1.56,98
273874,05-01-2024,20,10:00,23:00,51.428237,-0.364493,2.77,127
273875,05-01-2024,79,10:00,23:00,51.50933,-0.036762,2.18,192
274289,05-01-2024,16,10:00,23:00,51.48804,-0.283025,1.44,81
275211,05-01-2024,14,10:00,23:00,51.374721,0.00671,1.7,48
276101,05-01-2024,39,10:00,23:00,51.576358,-0.12354,4.2,256
276102,05-01-2024,67,10:00,23:00,51.47741,-0.207607,4.2,255
276506,05-01-2024,11,10:00,23:00,51.505439,-0.192759,1.02,87
276530,05-01-2024,10,10:00,23:00,51.462326,0.186715,1.73,44
276531,05-01-2024,11,10:00,23:00,51.502788,-0.229839,3.37,59
277568,05-01-2024,44,10:00,23:00,51.597071,-0.050389,4.03,358
277770,05-01-2024,40,10:00,23:00,51.558955,-0.063206,4,352
277771,05-01-2024,55,10:00,23:00,51.41485,-0.218357,4,405
278357,05-01-2024,13,10:00,23:00,51.398119,-0.179825,1.39,105
278358,05-01-2024,16,10:00,23:00,51.540361,-0.385359,2.97,57
279238,05-01-2024,19,10:00,23:00,51.464156,-0.005405,1.72,117
279239,05-01-2024,23,10:00,23:00,51.512653,-0.003129,3.79,171
280350,05-01-2024,13,10:00,23:00,51.538239,-0.152508,3.63,50
280351,05-01-2024,14,10:00,23:00,51.459192,-0.198725,2.49,73
280865,05-01-2024,13,10:00,23:00,51.479435,-0.016337,1.93,48
280866,05-01-2024,13,10:00,23:00,51.576335,-0.336186,2.94,77
283193,05-01-2024,25,10:00,23:00,51.412314,-0.18819,2.91,109
284890,05-01-2024,13,10:00,23:00,51.473966,-0.059457,3.91,103
284891,05-01-2024,23,10:00,23:00,51.480089,-0.136668,2.07,219
285301,05-01-2024,63,10:00,23:00,51.497,-0.018404,7.41,482
288071,05-01-2024,10,10:00,23:00,51.517205,-0.375917,1.72,27
288072,05-01-2024,12,10:00,23:00,51.355477,-0.196879,1.42,72
288073,05-01-2024,29,10:00,23:00,51.542419,-0.125062,3.9,225
288074,05-01-2024,26,10:00,23:00,51.467102,-0.015065,3.58,170
288732,05-01-2024,85,10:00,23:00,51.573783,0.005727,13.24,714
288733,05-01-2024,72,10:00,23:00,51.499678,-0.164628,13.24,740
289583,05-01-2024,41,10:00,23:00,51.527388,-0.263066,5.78,305
289584,05-01-2024,34,10:00,23:00,51.466461,-0.086222,5.77,261
289923,05-01-2024,116,10:00,23:00,51.526992,-0.141345,7.25,577
289924,05-01-2024,100,10:00,23:00,51.519662,-0.153472,7.25,501
291306,05-01-2024,14,10:00,23:00,51.500957,0.02803,3.3,38
292105,05-01-2024,29,10:00,23:00,51.540972,0.08525,3.4,176
292280,05-01-2024,44,10:00,23:00,51.413074,0.012265,3.93,237
293377,05-01-2024,10,10:00,23:00,51.451334,-0.065086,3.85,65
293378,05-01-2024,10,10:00,23:00,51.524298,0.095366,3.94,46
293680,05-01-2024,40,10:00,23:00,51.569657,-0.006881,3.32,272
295166,05-01-2024,25,10:00,23:00,51.658286,-0.135364,3.05,194
295167,05-01-2024,24,10:00,23:00,51.495298,-0.193626,3.05,190
297094,05-01-2024,35,10:00,23:00,51.584457,-0.121403,3.24,246
297095,05-01-2024,38,10:00,23:00,51.419144,-0.08363,3.24,186
297955,05-01-2024,10,10:00,23:00,51.558255,-0.103689,1.64,91
298155,05-01-2024,16,10:00,23:00,51.498081,-0.267473,2.31,81
298156,05-01-2024,24,10:00,23:00,51.512216,-0.067023,2.31,129
302714,05-01-2024,10,10:00,23:00,51.527766,-0.07628,1.05,68
302939,05-01-2024,48,10:00,23:00,51.492527,-0.177215,7.51,352
303783,05-01-2024,10,10:00,23:00,51.486492,-0.184442,3.08,78
305481,05-01-2024,10,10:00,23:00,51.505711,-0.229036,2.69,62
305482,05-01-2024,10,10:00,23:00,51.414455,-0.074124,1.89,76
306332,05-01-2024,12,10:00,23:00,51.385729,-0.260673,2.71,68
307232,05-01-2024,24,10:00,23:00,51.51745,-0.149187,2.13,156
307233,05-01-2024,26,10:00,23:00,51.502526,-0.225122,2.13,99
307673,05-01-2024,48,10:00,23:00,51.466916,-0.374625,6.37,360
308005,05-01-2024,24,10:00,23:00,51.593578,-0.039942,3.6,217
308006,05-01-2024,42,10:00,23:00,51.569398,0.024808,3.61,265
308488,05-01-2024,10,10:00,23:00,51.490555,-0.041059,1.01,30
308489,05-01-2024,10,10:00,23:00,51.593197,-0.073608,3.65,35
308535,05-01-2024,25,10:00,23:00,51.620537,-0.018257,2.37,184
308536,05-01-2024,16,10:00,23:00,51.4972,-0.118261,1.24,89
308537,05-01-2024,18,10:00,23:00,51.402175,-0.069686,1.28,120
309871,05-01-2024,63,10:00,23:00,51.547466,-0.127587,6.09,425
310547,05-01-2024,10,10:00,23:00,51.500802,0.072895,3.69,69
202419,06-01-2024,18,10:00,23:00,51.509134,-0.127554,2.22,102
202420,06-01-2024,20,10:00,23:00,51.610883,-0.013375,2.46,91
202421,06-01-2024,26,10:00,23:00,51.375265,0.0991,1.89,119
202422,06-01-2024,23,10:00,23:00,51.558915,-0.111404,1.89,164
202423,06-01-2024,25,10:00,23:00,51.529478,-0.116494,1.79,147
202424,06-01-2024,40,10:00,23:00,51.49496,-0.097141,5.06,302
202425,06-01-2024,40,10:00,23:00,51.466962,-0.132219,5.06,226
202426,06-01-2024,18,10:00,23:00,51.382824,-0.262911,3.45,70
202427,06-01-2024,15,10:00,23:00,51.556847,-0.139957,2.43,78
204057,06-01-2024,10,10:00,23:00,51.463506,0.010921,1.51,62
204058,06-01-2024,13,10:00,23:00,51.499805,-0.300453,3.63,78
204563,06-01-2024,30,10:00,23:00,51.473522,0.015833,2.87,153
204564,06-01-2024,33,10:00,23:00,51.543294,-0.169328,3.31,182
205998,06-01-2024,50,10:00,23:00,51.519309,-0.069694,5.23,318
205999,06-01-2024,56,10:00,23:00,51.488241,-0.191598,5.23,296
207062,06-01-2024,14,10:00,23:00,51.567157,0.186064,2.76,103
207063,06-01-2024,12,10:00,23:00,51.489562,-0.135009,2.83,96
208252,06-01-2024,92,10:00,23:00,51.454987,-0.198771,7.2,494
208253,06-01-2024,60,10:00,23:00,51.532143,-0.174725,7.2,476
209889,06-01-2024,39,10:00,23:00,51.596131,0.208538,3.97,155
209890,06-01-2024,40,10:00,23:00,51.369108,-0.143411,2.72,209
210112,06-01-2024,35,10:00,23:00,51.534819,-0.225482,5.34,251
210669,06-01-2024,30,10:00,23:00,51.54725,0.009084,3.43,233
210670,06-01-2024,24,10:00,23:00,51.568464,-0.276116,3.43,214
211375,06-01-2024,15,10:00,23:00,51.48119,-0.197472,3.12,74
211812,06-01-2024,25,10:00,23:00,51.585748,-0.090407,1.58,131
212317,06-01-2024,25,10:00,23:00,51.583155,-0.091914,2.63,186
212751,06-01-2024,66,10:00,23:00,51.525784,-0.030646,7.33,534
212752,06-01-2024,55,10:00,23:00,51.536959,-0.024374,7.33,484
212753,06-01-2024,32,10:00,23:00,51.542345,0.035902,3.96,122
212754,06-01-2024,37,10:00,23:00,51.463417,-0.407957,3.97,164
214134,06-01-2024,10,10:00,23:00,51.47283,-0.32209,3.4,69
214177,06-01-2024,66,10:00,23:00,51.46898,0.135852,10.91,576
214178,06-01-2024,56,10:00,23:00,51.498938,-0.040818,10.91,583
214876,06-01-2024,12,10:00,23:00,51.50216,-0.077516,3.03,75
215303,06-01-2024,19,10:00,23:00,51.461301,-0.195658,2.52,90
215479,06-01-2024,77,10:00,23:00,51.519982,-0.009717,11.01,475
216611,06-01-2024,24,10:00,23:00,51.459199,-0.335921,4.09,145
216612,06-01-2024,24,10:00,23:00,51.562312,0.134571,4.08,177
216834,06-01-2024,36,10:00,23:00,51.335795,-0.118261,3.93,205
216835,06-01-2024,34,10:00,23:00,51.497066,-0.070329,3.92,221
219837,06-01-2024,61,10:00,23:00,51.519221,0.046101,3.91,224
219838,06-01-2024,51,10:00,23:00,51.416638,-0.210156,3.27,265
220094,06-01-2024,14,10:00,23:00,51.528927,-0.395206,2.82,133
220358,06-01-2024,37,10:00,23:00,51.399781,-0.198228,3.27,230
220359,06-01-2024,29,10:00,23:00,51.55647,-0.110488,3.17,145
223137,06-01-2024,52,10:00,23:00,51.526031,-0.206445,6.04,363
223138,06-01-2024,61,10:00,23:00,51.589813,-0.019837,6.04,422
226565,06-01-2024,62,10:00,23:00,51.5188,-0.056633,10.26,614
226566,06-01-2024,87,10:00,23:00,51.476541,-0.21405,10.26,607
227529,06-01-2024,19,10:00,23:00,51.548719,-0.076558,3.44,184
228426,06-01-2024,10,10:00,23:00,51.513383,-0.159942,0.95,86
228427,06-01-2024,10,10:00,23:00,51.516771,-0.184996,3.69,62
230425,06-01-2024,15,10:00,23:00,51.376131,0.006934,3.49,130
230928,06-01-2024,23,10:00,23:00,51.494674,-0.119133,3.29,181
230929,06-01-2024,23,10:00,23:00,51.59042,-0.034458,2.51,190
231540,06-01-2024,60,10:00,23:00,51.407207,0.015463,5.58,378
231541,06-01-2024,62,10:00,23:00,51.536634,-0.191219,5.58,455
231738,06-01-2024,38,10:00,23:00,51.447843,-0.206997,3.48,286
231739,06-01-2024,68,10:00,23:00,51.519727,-0.156483,3.48,284
233384,06-01-2024,49,10:00,23:00,51.459174,-0.117217,4.25,278
233760,06-01-2024,29,10:00,23:00,51.493034,-0.143266,4.52,113
233905,06-01-2024,28,10:00,23:00,51.369814,-0.101403,3.36,178
233906,06-01-2024,30,10:00,23:00,51.510306,-0.209528,3.22,176
233907,06-01-2024,24,10:00,23:00,51.459385,-0.127867,2.8,209
233908,06-01-2024,26,10:00,23:00,51.500598,-0.315185,2.79,214
235462,06-01-2024,31,10:00,23:00,51.479301,-0.097245,6.39,151
235463,06-01-2024,37,10:00,23:00,51.569003,-0.237231,6.39,121
237980,06-01-2024,97,10:00,23:00,51.461166,-0.117823,6.49,469
237981,06-01-2024,82,10:00,23:00,51.522117,-0.012324,6.49,406
240145,06-01-2024,10,10:00,23:00,51.537831,-0.145508,1.63,98
240146,06-01-2024,10,10:00,23:00,51.491901,-0.197827,1.37,68
241229,06-01-2024,26,10:00,23:00,51.544307,-0.118158,4.15,217
241230,06-01-2024,33,10:00,23:00,51.535612,-0.101402,4.14,201
241552,06-01-2024,21,10:00,23:00,51.528113,-0.293464,2.87,176
241553,06-01-2024,25,10:00,23:00,51.487204,-0.180096,2.43,160
241662,06-01-2024,36,10:00,23:00,51.605445,-0.243633,3.93,447
241663,06-01-2024,42,10:00,23:00,51.590832,-0.077118,3.93,406
242084,06-01-2024,24,10:00,23:00,51.435052,-0.080027,2.8,173
242085,06-01-2024,31,10:00,23:00,51.482599,-0.044669,2.13,198
242210,06-01-2024,74,10:00,23:00,51.524128,-0.081581,13.24,702
242211,06-01-2024,100,10:00,23:00,51.52883,-0.041739,13.24,681
243261,06-01-2024,21,10:00,23:00,51.576601,-0.216387,3.32,91
243262,06-01-2024,19,10:00,23:00,51.556182,-0.164563,3.32,122
243600,06-01-2024,17,10:00,23:00,51.490826,-0.242591,3.23,100
243601,06-01-2024,30,10:00,23:00,51.475584,-0.125763,3.11,99
245327,06-01-2024,41,10:00,23:00,51.468023,-0.270317,6.7,375
245328,06-01-2024,54,10:00,23:00,51.415112,-0.131168,6.7,353
245577,06-01-2024,26,10:00,23:00,51.488328,-0.321878,2.47,115
245578,06-01-2024,21,10:00,23:00,51.568444,-0.228786,3.69,121
245952,06-01-2024,13,10:00,23:00,51.542419,0.047898,3.63,114
245953,06-01-2024,16,10:00,23:00,51.564993,-0.153255,3.37,67
246782,06-01-2024,17,10:00,23:00,51.488044,-0.228988,1.26,84
246868,06-01-2024,31,10:00,23:00,51.477505,-0.011122,3.84,267
246869,06-01-2024,37,10:00,23:00,51.498305,-0.105243,3.84,172
246915,06-01-2024,17,10:00,23:00,51.540923,-0.082201,2.8,119
246916,06-01-2024,22,10:00,23:00,51.515362,-0.239469,2.79,142
248459,06-01-2024,58,10:00,23:00,51.498455,-0.02145,8.37,468
249889,06-01-2024,19,10:00,23:00,51.509664,0.174161,1.24,135
250338,06-01-2024,26,10:00,23:00,51.439703,-0.197352,4.02,217
250339,06-01-2024,31,10:00,23:00,51.59394,0.048394,4.02,149
250505,06-01-2024,43,10:00,23:00,51.515362,-0.015479,3.57,374
250506,06-01-2024,42,10:00,23:00,51.404755,0.111136,3.58,392
250670,06-01-2024,82,10:00,23:00,51.524175,-0.098752,10.52,676
250671,06-01-2024,98,10:00,23:00,51.437065,-0.005034,10.52,670
253260,06-01-2024,15,10:00,23:00,51.61679,0.033527,2.56,60
253261,06-01-2024,14,10:00,23:00,51.553809,-0.074267,2,35
253262,06-01-2024,10,10:00,23:00,51.479577,-0.20325,3.22,68
253263,06-01-2024,11,10:00,23:00,51.494839,-0.242462,3.91,95
253432,06-01-2024,12,10:00,23:00,51.571506,0.023419,2.23,97
253433,06-01-2024,34,10:00,23:00,51.486213,-0.090217,3.83,290
253434,06-01-2024,43,10:00,23:00,51.52081,-0.155572,3.03,261
253435,06-01-2024,39,10:00,23:00,51.457382,-0.101251,5.16,313
253436,06-01-2024,50,10:00,23:00,51.465802,-0.193727,5.16,336
253990,06-01-2024,15,10:00,23:00,51.575433,-0.222919,1.07,77
254207,06-01-2024,10,10:00,23:00,51.572815,0.083655,2.43,38
254208,06-01-2024,10,10:00,23:00,51.52016,-0.107897,3.33,62
254975,06-01-2024,62,10:00,23:00,51.519813,-0.009474,3.78,441
254976,06-01-2024,53,10:00,23:00,51.457373,-0.118641,2.46,418
255598,06-01-2024,30,10:00,23:00,51.493086,-0.158893,4.41,290
255599,06-01-2024,49,10:00,23:00,51.582753,-0.334028,4.41,284
255799,06-01-2024,18,10:00,23:00,51.396372,-0.297548,2.71,92
255800,06-01-2024,21,10:00,23:00,51.485891,0.109746,1.66,105
257556,06-01-2024,29,10:00,23:00,51.520292,-0.106996,3.87,187
258052,06-01-2024,59,10:00,23:00,51.538262,-0.053559,5.76,387
258053,06-01-2024,67,10:00,23:00,51.551135,-0.051793,5.76,431
258245,06-01-2024,24,10:00,23:00,51.508687,-0.137511,2.58,151
258246,06-01-2024,22,10:00,23:00,51.559427,0.076845,2.58,151
258920,06-01-2024,35,10:00,23:00,51.494869,-0.20651,3.41,242
258921,06-01-2024,28,10:00,23:00,51.587355,-0.162953,3.41,259
259674,06-01-2024,58,10:00,23:00,51.515707,-0.084626,7.23,454
259675,06-01-2024,50,10:00,23:00,51.463432,-0.143924,7.23,475
260685,06-01-2024,18,10:00,23:00,51.506212,-0.353366,3.12,112
260686,06-01-2024,22,10:00,23:00,51.501711,-0.080432,3.99,93
261332,06-01-2024,31,10:00,23:00,51.498683,-0.15103,3.51,135
261333,06-01-2024,20,10:00,23:00,51.57547,-0.222468,2.12,172
261334,06-01-2024,12,10:00,23:00,51.511401,0.172903,1.25,44
261335,06-01-2024,22,10:00,23:00,51.485693,-0.284602,3.97,122
261336,06-01-2024,20,10:00,23:00,51.511279,-0.035806,1.43,104
261424,06-01-2024,36,10:00,23:00,51.438495,-0.35413,3.69,272
261425,06-01-2024,37,10:00,23:00,51.631269,-0.130148,3.68,183
261752,06-01-2024,10,10:00,23:00,51.452864,-0.0086,3.23,68
261980,06-01-2024,32,10:00,23:00,51.510578,-0.039032,2.97,252
261981,06-01-2024,24,10:00,23:00,51.415816,-0.103309,2.97,162
263410,06-01-2024,33,10:00,23:00,51.491191,-0.288951,2.92,208
263411,06-01-2024,33,10:00,23:00,50.700624,-3.473444,2.92,236
264289,06-01-2024,62,10:00,23:00,51.506413,-0.268954,7.15,342
264290,06-01-2024,53,10:00,23:00,51.476488,-0.219066,7.15,357
264297,06-01-2024,44,10:00,23:00,51.551412,-0.139844,3.7,253
264298,06-01-2024,31,10:00,23:00,51.470974,-0.206705,3.7,171
267223,06-01-2024,34,10:00,23:00,51.537456,0.093343,3.91,167
267224,06-01-2024,25,10:00,23:00,51.523259,-0.070567,2.68,182
267225,06-01-2024,10,10:00,23:00,51.501737,-0.259289,1.44,25
267226,06-01-2024,40,10:00,23:00,51.537028,-0.093707,5,298
267227,06-01-2024,53,10:00,23:00,51.551001,-0.189576,5,368
267228,06-01-2024,16,10:00,23:00,51.508362,0.119961,2.9,146
267229,06-01-2024,22,10:00,23:00,51.522063,-0.261886,2.9,149
268321,06-01-2024,25,10:00,23:00,51.568123,-0.228803,2.01,139
268667,06-01-2024,10,10:00,23:00,51.500936,-0.159126,1.32,71
269217,06-01-2024,15,10:00,23:00,51.512084,-0.179267,1.5,115
270881,06-01-2024,99,10:00,23:00,51.487767,-0.187068,10.72,513
270882,06-01-2024,113,10:00,23:00,51.465506,-0.387991,10.72,520
271896,06-01-2024,14,10:00,23:00,51.469755,-0.292716,3.71,83
273386,06-01-2024,67,10:00,23:00,51.575295,-0.222264,5.87,315
273387,06-01-2024,73,10:00,23:00,51.561701,-0.066326,5.87,240
273388,06-01-2024,18,10:00,23:00,51.492693,-0.186487,2.87,83
273389,06-01-2024,20,10:00,23:00,51.463878,-0.141386,1.86,132
274521,06-01-2024,31,10:00,23:00,51.422131,0.000891,2.99,212
274522,06-01-2024,30,10:00,23:00,51.532557,-0.078438,2.99,186
276044,06-01-2024,52,10:00,23:00,51.499178,-0.201938,4.93,336
276045,06-01-2024,60,10:00,23:00,51.479219,-0.198377,4.93,353
276349,06-01-2024,41,10:00,23:00,51.534533,-0.092861,7.2,318
276350,06-01-2024,48,10:00,23:00,51.476292,-0.208498,7.2,264
276503,06-01-2024,19,10:00,23:00,51.485228,-0.181776,2.94,182
276504,06-01-2024,16,10:00,23:00,51.494683,0.075821,1.04,173
276505,06-01-2024,54,10:00,23:00,51.470451,-0.139389,9.18,519
276532,06-01-2024,20,10:00,23:00,51.485429,-0.126579,3.45,139
276533,06-01-2024,24,10:00,23:00,51.582313,-0.408944,2.93,140
276534,06-01-2024,19,10:00,23:00,51.533702,-0.10288,1.68,96
276535,06-01-2024,18,10:00,23:00,51.496935,-0.096254,1.68,70
277044,06-01-2024,15,10:00,23:00,51.396115,-0.302831,2.23,48
277107,06-01-2024,46,10:00,23:00,51.53783,-0.008058,4.86,270
277108,06-01-2024,30,10:00,23:00,51.415361,-0.084742,4.86,217
277664,06-01-2024,53,10:00,23:00,51.564387,-0.072808,5.58,362
277665,06-01-2024,44,10:00,23:00,51.496313,-0.033151,5.58,354
278482,06-01-2024,16,10:00,23:00,51.464019,-0.219826,5.17,73
279625,06-01-2024,12,10:00,23:00,51.471536,-0.131208,2.22,88
279626,06-01-2024,13,10:00,23:00,51.411434,-0.180952,2.16,66
280182,06-01-2024,78,10:00,23:00,51.480538,-0.135275,7.03,509
281270,06-01-2024,12,10:00,23:00,51.395239,-0.065221,2.09,73
281561,06-01-2024,16,10:00,23:00,51.568237,-0.228158,1.43,93
281575,06-01-2024,37,10:00,23:00,51.674492,-0.097962,2.74,195
281576,06-01-2024,31,10:00,23:00,51.528858,0.073719,3.45,174
281826,06-01-2024,32,10:00,23:00,51.575508,-0.222267,2.79,182
281899,06-01-2024,10,10:00,23:00,51.575695,-0.222497,1.8,94
281900,06-01-2024,10,10:00,23:00,51.497071,-0.02003,1.16,81
282452,06-01-2024,46,10:00,23:00,51.441078,-0.146537,6.45,344
282453,06-01-2024,64,10:00,23:00,51.389749,0.10929,6.45,439
282580,06-01-2024,14,10:00,23:00,51.553256,-0.108574,2.9,89
282581,06-01-2024,10,10:00,23:00,51.512188,-0.068201,1.47,87
285830,06-01-2024,25,10:00,23:00,51.515381,-0.081488,3.34,223
285831,06-01-2024,24,10:00,23:00,51.488272,0.142148,3.34,193
286767,06-01-2024,19,10:00,23:00,51.449379,0.030468,3.94,112
287147,06-01-2024,14,10:00,23:00,51.48418,-0.238258,2.13,60
287148,06-01-2024,13,10:00,23:00,51.43199,-0.169457,2,92
288364,06-01-2024,27,10:00,23:00,51.490585,-0.100992,2.68,110
289844,06-01-2024,30,10:00,23:00,51.533314,-0.177151,4.08,183
289912,06-01-2024,10,10:00,23:00,51.557715,-0.084777,1.64,59
289998,06-01-2024,29,10:00,23:00,51.458473,-0.186482,2.84,140
289999,06-01-2024,30,10:00,23:00,51.498065,-0.267553,2.84,159
290889,06-01-2024,28,10:00,23:00,51.474518,-0.187707,3.24,310
293802,06-01-2024,65,10:00,23:00,51.468098,-0.178576,3.77,332
293803,06-01-2024,49,10:00,23:00,51.532106,-0.050663,3.77,305
294343,06-01-2024,13,10:00,23:00,51.476535,-0.014957,2.11,71
294813,06-01-2024,16,10:00,23:00,51.489285,-0.293623,3.35,69
294814,06-01-2024,11,10:00,23:00,51.589046,-0.073887,1.36,82
294889,06-01-2024,19,10:00,23:00,51.488667,-0.294775,3.32,190
296939,06-01-2024,93,10:00,23:00,51.588277,-0.410459,8.21,597
296940,06-01-2024,96,10:00,23:00,51.477536,0.018431,8.21,585
296941,06-01-2024,15,10:00,23:00,51.612763,-0.015882,1.66,91
296942,06-01-2024,17,10:00,23:00,51.419594,-0.241691,0.94,82
299834,06-01-2024,10,10:00,23:00,51.459616,-0.007081,2.95,75
302290,06-01-2024,52,10:00,23:00,51.494137,-0.081663,4.85,225
302291,06-01-2024,38,10:00,23:00,51.438191,0.071331,4.85,262
303070,06-01-2024,19,10:00,23:00,51.526117,-0.122665,2.83,81
303071,06-01-2024,20,10:00,23:00,51.422676,0.001209,3.67,158
303072,06-01-2024,40,10:00,23:00,51.403178,-0.036941,7.5,333
303073,06-01-2024,47,10:00,23:00,51.449076,-0.067213,7.5,273
303169,06-01-2024,23,10:00,23:00,51.497508,-0.187601,3.95,97
303170,06-01-2024,28,10:00,23:00,51.516685,-0.119063,3.95,175
304477,06-01-2024,24,10:00,23:00,51.467855,-0.368216,2.3,187
304478,06-01-2024,34,10:00,23:00,51.56626,-0.020655,2.55,144
304912,06-01-2024,25,10:00,23:00,51.486376,-0.188419,2.49,103
305808,06-01-2024,18,10:00,23:00,51.498961,-0.020677,3.72,81
305809,06-01-2024,16,10:00,23:00,51.552416,-0.184989,2.58,79
305979,06-01-2024,43,10:00,23:00,51.484494,-0.091214,7.86,393
305980,06-01-2024,117,10:00,23:00,51.476829,-0.122885,7.86,326
308641,06-01-2024,18,10:00,23:00,51.421987,-0.158195,0.92,154
308642,06-01-2024,21,10:00,23:00,51.416516,-0.192002,2.59,67
309470,06-01-2024,37,10:00,23:00,51.381967,-0.098643,3.96,232
309471,06-01-2024,33,10:00,23:00,51.508925,-0.00039,3.87,198
310425,06-01-2024,64,10:00,23:00,51.475751,-0.285401,8.51,440
310426,06-01-2024,73,10:00,23:00,51.410559,-0.215136,8.52,431
310427,06-01-2024,17,10:00,23:00,51.480631,-0.205862,2.63,54
310428,06-01-2024,12,10:00,23:00,51.568566,-0.228651,2,98
202676,07-01-2024,22,10:00,23:00,51.54538,-0.158992,2.08,111
202939,07-01-2024,28,10:00,23:00,51.579934,-0.096565,1.32,239
202940,07-01-2024,33,10:00,23:00,51.486861,-0.137391,1.42,173
204200,07-01-2024,19,10:00,23:00,51.477597,-0.36322,2.82,63
204283,07-01-2024,12,10:00,23:00,51.650106,-0.058544,1.85,41
204403,07-01-2024,22,10:00,23:00,51.517116,-0.077948,3.52,178
204404,07-01-2024,15,10:00,23:00,51.390482,0.10962,2.03,177
204559,07-01-2024,19,10:00,23:00,51.545503,-0.003504,1.39,150
204560,07-01-2024,18,10:00,23:00,51.457192,0.030334,2.39,142
204605,07-01-2024,31,10:00,23:00,51.532765,-0.058273,3.61,215
204606,07-01-2024,28,10:00,23:00,51.49783,-0.07318,3.61,229
204607,07-01-2024,40,10:00,23:00,51.590231,-0.11048,3.85,290
204608,07-01-2024,41,10:00,23:00,51.47496,-0.1969,3.85,270
206554,07-01-2024,15,10:00,23:00,51.559673,-0.075147,1.83,52
206555,07-01-2024,17,10:00,23:00,51.491924,-0.279653,1.39,62
207126,07-01-2024,13,10:00,23:00,51.501737,-0.309015,1.24,95
207492,07-01-2024,57,10:00,23:00,51.499583,-0.165741,5.39,289
207493,07-01-2024,46,10:00,23:00,51.494399,-0.101124,5.38,278
207887,07-01-2024,12,10:00,23:00,51.460934,-0.16745,3.93,79
207888,07-01-2024,13,10:00,23:00,51.623974,-0.181447,3.09,53
208251,07-01-2024,17,10:00,23:00,51.485413,-0.070431,2.8,124
210731,07-01-2024,18,10:00,23:00,51.575804,-0.222578,3.28,112
212484,07-01-2024,10,10:00,23:00,51.479959,-0.048533,3.92,72
212485,07-01-2024,33,10:00,23:00,51.371575,-0.093764,4.77,222
212486,07-01-2024,39,10:00,23:00,51.551174,-0.202345,4.77,178
212594,07-01-2024,10,10:00,23:00,51.596701,-0.382585,1.86,95
212595,07-01-2024,10,10:00,23:00,51.451476,-0.161983,3.55,60
213270,07-01-2024,56,10:00,23:00,51.556029,-0.011961,3.64,221
213271,07-01-2024,42,10:00,23:00,51.382698,0.014706,3.64,235
213473,07-01-2024,43,10:00,23:00,51.504607,-0.015034,5.47,364
214379,07-01-2024,10,10:00,23:00,51.469879,-0.40629,3.48,92
214380,07-01-2024,11,10:00,23:00,51.420643,-0.176267,1.42,52
214668,07-01-2024,45,10:00,23:00,51.38811,-0.188805,4.91,392
215264,07-01-2024,15,10:00,23:00,51.375932,-0.114794,2.76,91
215265,07-01-2024,19,10:00,23:00,51.552048,-0.112475,2.86,110
215266,07-01-2024,24,10:00,23:00,51.511827,0.172657,3.74,103
215267,07-01-2024,19,10:00,23:00,51.551786,-0.115153,3.98,134
216404,07-01-2024,11,10:00,23:00,51.554026,0.122049,2.99,55
216405,07-01-2024,11,10:00,23:00,51.520317,-0.465038,1.47,49
216772,07-01-2024,25,10:00,23:00,51.519273,-0.17992,2.22,166
216773,07-01-2024,27,10:00,23:00,51.368751,-0.098215,3.61,158
217403,07-01-2024,22,10:00,23:00,51.497758,-0.040469,3.36,133
217404,07-01-2024,22,10:00,23:00,51.528303,-0.026304,3.18,130
218999,07-01-2024,33,10:00,23:00,51.559322,-0.338617,4.06,229
219273,07-01-2024,15,10:00,23:00,51.493285,0.072921,3.49,95
219274,07-01-2024,11,10:00,23:00,51.648515,-0.111241,1.12,51
219275,07-01-2024,10,10:00,23:00,51.635172,-0.047765,1.32,92
219276,07-01-2024,26,10:00,23:00,51.543627,0.072008,1.59,180
219277,07-01-2024,16,10:00,23:00,51.488548,0.018808,3.32,106
219331,07-01-2024,21,10:00,23:00,51.497332,-0.015838,3.53,110
219332,07-01-2024,40,10:00,23:00,51.424434,-0.113589,3.53,97
221726,07-01-2024,13,10:00,23:00,51.507393,-0.222341,3.02,47
221727,07-01-2024,16,10:00,23:00,51.485873,-0.038085,1.54,59
223311,07-01-2024,14,10:00,23:00,51.55918,-0.1284,0.67,38
223507,07-01-2024,17,10:00,23:00,51.490243,-0.162477,3.48,89
223508,07-01-2024,18,10:00,23:00,51.464488,-0.183041,1.24,63
224561,07-01-2024,25,10:00,23:00,51.494801,-0.2417,4.47,116
226056,07-01-2024,12,10:00,23:00,51.508475,-0.070453,3.95,96
226057,07-01-2024,10,10:00,23:00,51.549283,0.253995,2.06,97
227423,07-01-2024,26,10:00,23:00,51.511265,-0.241361,2.95,149
227424,07-01-2024,30,10:00,23:00,51.576709,-0.223559,2.94,194
228424,07-01-2024,15,10:00,23:00,51.419609,-0.167916,3.46,108
228425,07-01-2024,17,10:00,23:00,51.465941,-0.261114,2.58,65
229808,07-01-2024,24,10:00,23:00,51.453306,-0.193682,2.44,208
229809,07-01-2024,29,10:00,23:00,51.405365,0.006804,2.43,216
229861,07-01-2024,51,10:00,23:00,51.505482,-0.061729,8.24,492
229862,07-01-2024,79,10:00,23:00,51.511475,-0.13443,8.24,543
230293,07-01-2024,12,10:00,23:00,51.530845,-0.202544,1.46,79
230294,07-01-2024,12,10:00,23:00,51.490201,-0.137807,1.47,51
230295,07-01-2024,24,10:00,23:00,51.509392,-0.266386,2.27,178
230296,07-01-2024,29,10:00,23:00,51.511737,-0.18798,3.82,164
231041,07-01-2024,16,10:00,23:00,51.589118,-0.115282,2,98
231042,07-01-2024,14,10:00,23:00,51.617498,-0.074238,2.51,62
231818,07-01-2024,26,10:00,23:00,51.515846,-0.014664,3.03,224
231819,07-01-2024,25,10:00,23:00,51.40192,-0.242632,3.77,168
231839,07-01-2024,38,10:00,23:00,51.373856,-0.16824,2.59,221
231840,07-01-2024,24,10:00,23:00,51.527457,-0.192835,2.8,172
231925,07-01-2024,12,10:00,23:00,51.456748,-0.19593,2.83,59
231926,07-01-2024,10,10:00,23:00,51.530458,-0.265366,3.94,78
233093,07-01-2024,15,10:00,23:00,51.538479,-0.067563,2.44,86
233094,07-01-2024,19,10:00,23:00,51.579852,-0.07142,2.96,84
233095,07-01-2024,22,10:00,23:00,51.478052,0.050536,3.16,200
233096,07-01-2024,26,10:00,23:00,51.527015,-0.263223,3.24,205
233195,07-01-2024,19,10:00,23:00,51.474356,-0.191161,3.4,130
233196,07-01-2024,25,10:00,23:00,51.456988,-0.123747,3.4,131
233943,07-01-2024,18,10:00,23:00,51.592706,-0.244982,2.83,128
233944,07-01-2024,17,10:00,23:00,51.355307,-0.02374,3.76,126
237994,07-01-2024,31,10:00,23:00,51.432681,-0.155282,3.86,267
237995,07-01-2024,26,10:00,23:00,51.599026,-0.134745,3.86,254
238244,07-01-2024,18,10:00,23:00,51.554688,-0.283794,1.5,92
238245,07-01-2024,17,10:00,23:00,51.478578,-0.184286,1.5,66
238246,07-01-2024,24,10:00,23:00,51.410664,-0.209909,2.18,114
238247,07-01-2024,19,10:00,23:00,51.568312,-0.437994,2.43,163
238248,07-01-2024,16,10:00,23:00,51.516059,-0.111739,2.43,140
238249,07-01-2024,35,10:00,23:00,51.462495,-0.188175,1.74,155
238250,07-01-2024,29,10:00,23:00,51.400587,-0.1362,1.74,157
238251,07-01-2024,22,10:00,23:00,51.489063,-0.004234,3.05,99
238252,07-01-2024,21,10:00,23:00,51.522024,-0.016525,2.46,116
238253,07-01-2024,40,10:00,23:00,51.674096,-0.034163,2.57,166
238254,07-01-2024,35,10:00,23:00,51.460027,-0.203648,1.77,180
238255,07-01-2024,35,10:00,23:00,51.580717,-0.103936,4.47,302
238256,07-01-2024,41,10:00,23:00,51.531206,-0.186544,4.47,253
238431,07-01-2024,16,10:00,23:00,51.565422,0.125994,1.67,81
238432,07-01-2024,17,10:00,23:00,51.552983,-0.130324,1.65,93
238800,07-01-2024,16,10:00,23:00,51.571967,-0.1371,2.83,117
238801,07-01-2024,13,10:00,23:00,51.509923,-0.029858,2.08,93
240260,07-01-2024,13,10:00,23:00,51.48771,-0.144087,2.33,68
240261,07-01-2024,13,10:00,23:00,51.435171,-0.125074,1.75,113
240315,07-01-2024,38,10:00,23:00,51.47701,-0.065383,1.47,87
240316,07-01-2024,36,10:00,23:00,51.543414,-0.18286,0.93,40
240882,07-01-2024,24,10:00,23:00,51.486481,-0.184421,3.7,138
241968,07-01-2024,10,10:00,23:00,51.424677,0.058238,3.45,51
243010,07-01-2024,23,10:00,23:00,51.418791,-0.001905,1.58,145
243011,07-01-2024,28,10:00,23:00,51.404466,-0.063835,3.32,141
243234,07-01-2024,10,10:00,23:00,51.50005,0.008524,1.06,69
243736,07-01-2024,28,10:00,23:00,51.511561,0.172267,3.18,206
243793,07-01-2024,17,10:00,23:00,51.527378,-0.263838,0.61,129
244274,07-01-2024,39,10:00,23:00,51.355359,-0.152228,4.38,319
244275,07-01-2024,32,10:00,23:00,51.413854,-0.303281,4.38,296
245429,07-01-2024,58,10:00,23:00,51.58346,-0.081986,6,330
245430,07-01-2024,42,10:00,23:00,51.438505,-0.181421,5.99,365
245790,07-01-2024,16,10:00,23:00,51.575941,-0.222402,2.82,79
246840,07-01-2024,28,10:00,23:00,51.562371,0.064877,4.91,242
246841,07-01-2024,32,10:00,23:00,51.48253,-0.134146,4.91,204
247372,07-01-2024,24,10:00,23:00,51.581798,-0.017293,2.61,161
248460,07-01-2024,18,10:00,23:00,51.55673,-0.170626,2.96,90
248461,07-01-2024,19,10:00,23:00,51.59819,-0.197018,3.4,93
252258,07-01-2024,17,10:00,23:00,51.477131,-0.027539,1.99,106
252259,07-01-2024,13,10:00,23:00,51.501775,-0.254224,3.45,87
252280,07-01-2024,39,10:00,23:00,51.38985,-0.246582,4.51,292
252281,07-01-2024,34,10:00,23:00,51.530918,-0.146747,4.52,316
253922,07-01-2024,39,10:00,23:00,51.489053,-0.195843,6.09,289
254823,07-01-2024,13,10:00,23:00,51.560081,-0.006526,1.75,81
254824,07-01-2024,15,10:00,23:00,51.607487,-0.299353,1.75,104
255142,07-01-2024,36,10:00,23:00,51.459354,-0.13504,2.58,225
255143,07-01-2024,31,10:00,23:00,51.455269,-0.293828,2.58,258
255330,07-01-2024,10,10:00,23:00,51.523686,0.070125,2.98,51
255464,07-01-2024,25,10:00,23:00,51.335221,-0.078959,2.11,163
255465,07-01-2024,22,10:00,23:00,51.616516,-0.440002,2.11,193
255950,07-01-2024,26,10:00,23:00,51.616911,-0.441327,3.1,195
255951,07-01-2024,13,10:00,23:00,51.379576,-0.100235,1.48,99
256056,07-01-2024,10,10:00,23:00,51.541584,-0.144177,2.02,72
256057,07-01-2024,10,10:00,23:00,51.480656,0.010298,2.82,82
256234,07-01-2024,11,10:00,23:00,51.396883,-0.118367,1.04,56
256235,07-01-2024,10,10:00,23:00,51.378968,-0.082894,0.93,30
257668,07-01-2024,12,10:00,23:00,51.57758,-0.151413,1.46,69
257669,07-01-2024,15,10:00,23:00,51.427741,-0.169257,3.1,99
257939,07-01-2024,24,10:00,23:00,51.530299,-0.042893,3.15,153
257940,07-01-2024,14,10:00,23:00,51.602277,-0.119354,0.99,87
257941,07-01-2024,12,10:00,23:00,51.550322,0.039437,1.5,30
257960,07-01-2024,16,10:00,23:00,51.423864,-0.360274,2.25,99
257961,07-01-2024,16,10:00,23:00,51.619092,-0.290335,3.43,82
258859,07-01-2024,10,10:00,23:00,51.42494,0.10966,2.83,62
258860,07-01-2024,10,10:00,23:00,51.514338,-0.183928,2.19,65
259097,07-01-2024,16,10:00,23:00,51.57948,-0.071132,3.27,125
259098,07-01-2024,15,10:00,23:00,51.500216,-0.091878,2.66,85
259310,07-01-2024,10,10:00,23:00,51.476161,-0.192267,3.2,70
259574,07-01-2024,20,10:00,23:00,51.607579,-0.2995,1.74,98
259575,07-01-2024,23,10:00,23:00,51.463783,-0.160515,1.74,125
260435,07-01-2024,10,10:00,23:00,51.377567,-0.08747,1.6,86
260436,07-01-2024,11,10:00,23:00,51.40836,-0.211196,2.51,62
261275,07-01-2024,10,10:00,23:00,51.501914,-0.185115,3.43,92
261276,07-01-2024,10,10:00,23:00,51.501859,-0.266903,1.98,62
261641,07-01-2024,11,10:00,23:00,51.500572,0.008744,1.59,95
261642,07-01-2024,10,10:00,23:00,51.528452,0.040751,3.69,60
262392,07-01-2024,13,10:00,23:00,51.482806,-0.146179,3.62,58
262504,07-01-2024,21,10:00,23:00,51.360821,-0.188205,3.01,106
263020,07-01-2024,27,10:00,23:00,51.439422,-0.18495,2.11,111
263021,07-01-2024,21,10:00,23:00,51.482192,-0.148518,2.11,155
263645,07-01-2024,65,10:00,23:00,51.54657,-0.004987,7.68,515
263646,07-01-2024,56,10:00,23:00,51.365171,-0.223484,7.68,486
264735,07-01-2024,65,10:00,23:00,51.426445,-0.291999,9.03,536
265901,07-01-2024,25,10:00,23:00,51.319452,-0.136831,3.89,103
265902,07-01-2024,17,10:00,23:00,51.463659,-0.082843,3.83,173
265903,07-01-2024,13,10:00,23:00,51.547122,-0.237622,1.68,112
265904,07-01-2024,13,10:00,23:00,51.448449,-0.177712,1.41,63
268320,07-01-2024,10,10:00,23:00,51.531771,-0.237926,2.41,67
268604,07-01-2024,57,10:00,23:00,51.53349,-0.177368,5.62,408
268605,07-01-2024,47,10:00,23:00,51.512314,-0.191396,5.62,399
268716,07-01-2024,21,10:00,23:00,51.500676,0.025054,2.69,124
268717,07-01-2024,30,10:00,23:00,51.478898,-0.120168,2.69,200
268909,07-01-2024,17,10:00,23:00,51.471448,-0.139792,3.69,168
268910,07-01-2024,21,10:00,23:00,51.511559,0.172657,3.43,173
269256,07-01-2024,10,10:00,23:00,51.524955,-0.118052,2.94,48
272482,07-01-2024,56,10:00,23:00,51.506323,-0.259739,6.51,406
272483,07-01-2024,56,10:00,23:00,51.552502,-0.2889,6.51,404
272932,07-01-2024,18,10:00,23:00,51.417646,-0.086488,3.53,112
272933,07-01-2024,12,10:00,23:00,51.519711,-0.148168,1.33,61
273354,07-01-2024,16,10:00,23:00,51.49092,-0.179446,3.04,51
273355,07-01-2024,20,10:00,23:00,51.612444,-0.188745,2.46,79
274465,07-01-2024,17,10:00,23:00,51.534476,-0.092447,2.96,87
274678,07-01-2024,10,10:00,23:00,51.526759,-0.009375,3.26,52
274679,07-01-2024,10,10:00,23:00,51.452202,-0.130807,1.19,51
275383,07-01-2024,21,10:00,23:00,51.452328,-0.130547,1.6,84
276235,07-01-2024,25,10:00,23:00,51.479662,-0.087505,3.07,176
276236,07-01-2024,19,10:00,23:00,51.428766,0.005293,3.07,83
276616,07-01-2024,10,10:00,23:00,51.525407,-0.11965,1.63,43
276617,07-01-2024,10,10:00,23:00,51.46236,-0.160242,3,88
276618,07-01-2024,34,10:00,23:00,51.506898,-0.054293,2.82,202
276619,07-01-2024,28,10:00,23:00,51.544293,-0.09254,3.6,168
277036,07-01-2024,33,10:00,23:00,51.509907,-0.028454,3.31,250
277037,07-01-2024,33,10:00,23:00,51.477546,0.008734,3.31,246
277342,07-01-2024,71,10:00,23:00,51.490774,-0.062315,5.71,699
277343,07-01-2024,85,10:00,23:00,51.516664,-0.080112,5.71,703
277549,07-01-2024,10,10:00,23:00,51.507041,-0.250401,2.15,71
277550,07-01-2024,10,10:00,23:00,51.500948,0.008822,3.72,68
277775,07-01-2024,27,10:00,23:00,51.568937,-0.228406,3.76,166
278634,07-01-2024,53,10:00,23:00,51.593219,-0.008453,5.4,380
278635,07-01-2024,44,10:00,23:00,51.554819,0.076106,5.4,343
279771,07-01-2024,32,10:00,23:00,51.540207,-0.195781,3.98,228
279772,07-01-2024,40,10:00,23:00,51.476399,-0.28922,3.8,264
279773,07-01-2024,30,10:00,23:00,51.56692,-0.101091,2.81,216
279774,07-01-2024,23,10:00,23:00,51.407054,-0.29916,2.81,145
280695,07-01-2024,29,10:00,23:00,51.482526,-0.198399,3.53,178
280696,07-01-2024,42,10:00,23:00,51.505086,-0.23849,3.7,72
280697,07-01-2024,47,10:00,23:00,51.474469,-0.021091,1.67,31
280787,07-01-2024,36,10:00,23:00,51.534659,-0.021138,2.72,209
280788,07-01-2024,27,10:00,23:00,51.49065,0.08699,2.72,196
281226,07-01-2024,11,10:00,23:00,51.499909,-0.095628,2.62,55
281695,07-01-2024,13,10:00,23:00,51.530147,-0.00935,2.57,52
281696,07-01-2024,11,10:00,23:00,51.576346,0.196305,3.55,60
282054,07-01-2024,33,10:00,23:00,51.503215,-0.077445,3.13,202
282055,07-01-2024,35,10:00,23:00,51.498365,-0.041333,3.13,179
282073,07-01-2024,31,10:00,23:00,51.387891,-0.104099,3.45,109
282074,07-01-2024,18,10:00,23:00,51.463282,-0.069004,3.45,94
282174,07-01-2024,10,10:00,23:00,51.466828,-0.360001,3.35,64
282175,07-01-2024,10,10:00,23:00,51.486494,0.108634,1.82,70
282280,07-01-2024,10,10:00,23:00,51.495071,-0.221843,2.51,92
282281,07-01-2024,12,10:00,23:00,51.475193,0.122699,3.13,96
282431,07-01-2024,13,10:00,23:00,51.463337,-0.1392,3.55,31
282579,07-01-2024,10,10:00,23:00,51.501976,-0.07047,2.55,22
283241,07-01-2024,18,10:00,23:00,51.448404,-0.016847,2.93,65
283242,07-01-2024,16,10:00,23:00,51.52272,-0.094521,2.33,52
283970,07-01-2024,17,10:00,23:00,51.538075,-0.138464,1.42,65
284413,07-01-2024,15,10:00,23:00,51.587205,-0.176111,1.42,80
284414,07-01-2024,11,10:00,23:00,51.470396,-0.139209,2.71,87
284416,07-01-2024,16,10:00,23:00,51.497998,0.10104,3.3,83
284417,07-01-2024,15,10:00,23:00,51.538674,-0.191183,2.23,123
284457,07-01-2024,25,10:00,23:00,51.349294,-0.133273,2.25,171
285836,07-01-2024,10,10:00,23:00,51.50789,-0.194502,2.1,80
285837,07-01-2024,31,10:00,23:00,51.584279,-0.337607,2.85,175
285838,07-01-2024,28,10:00,23:00,51.420634,-0.303395,2.71,233
286054,07-01-2024,34,10:00,23:00,51.522328,-0.079506,4.85,175
286055,07-01-2024,26,10:00,23:00,51.549706,-0.19057,4.85,217
286314,07-01-2024,32,10:00,23:00,51.423375,-0.215298,2.48,226
286315,07-01-2024,31,10:00,23:00,51.475819,-0.206052,2.48,213
286968,07-01-2024,17,10:00,23:00,51.646538,-0.059516,2.47,134
286969,07-01-2024,17,10:00,23:00,51.442039,0.116257,2.73,138
287628,07-01-2024,10,10:00,23:00,51.576048,-0.369219,2.99,99
288411,07-01-2024,35,10:00,23:00,51.380033,-0.121906,2.89,193
288721,07-01-2024,19,10:00,23:00,51.480116,-0.253235,2.47,102
288722,07-01-2024,14,10:00,23:00,51.56741,-0.400534,2.96,96
291209,07-01-2024,22,10:00,23:00,51.450363,-0.370479,1.99,109
291210,07-01-2024,20,10:00,23:00,51.481157,-0.113978,3.79,164
293006,07-01-2024,21,10:00,23:00,51.651305,-0.218395,1.24,75
293007,07-01-2024,19,10:00,23:00,51.60152,-0.257008,2.67,137
293379,07-01-2024,14,10:00,23:00,51.461145,-0.021109,2.26,124
293380,07-01-2024,21,10:00,23:00,51.381483,0.118494,1.56,70
293597,07-01-2024,17,10:00,23:00,51.509935,-0.061956,2.58,85
294064,07-01-2024,34,10:00,23:00,51.37039,-0.099283,5.31,319
294065,07-01-2024,57,10:00,23:00,51.462165,-0.059895,5.31,283
294589,07-01-2024,18,10:00,23:00,51.424699,-0.16559,2.9,60
294590,07-01-2024,20,10:00,23:00,51.610576,0.00184,2.48,64
295711,07-01-2024,20,10:00,23:00,51.413258,0.050333,2.47,132
295712,07-01-2024,18,10:00,23:00,51.486713,0.09162,3.18,76
295718,07-01-2024,12,10:00,23:00,51.391002,-0.071512,3.18,92
295719,07-01-2024,48,10:00,23:00,51.613044,-0.178993,4.04,379
295720,07-01-2024,25,10:00,23:00,51.523986,-0.080258,4.48,188
296954,07-01-2024,16,10:00,23:00,51.523787,-0.087216,2.63,138
296955,07-01-2024,17,10:00,23:00,51.598264,-0.106396,2.63,59
297457,07-01-2024,19,10:00,23:00,51.373342,-0.191732,2.45,147
297458,07-01-2024,16,10:00,23:00,51.544163,-0.151882,3.22,120
297822,07-01-2024,11,10:00,23:00,51.518942,-0.212555,3.76,45
297823,07-01-2024,14,10:00,23:00,51.600115,-0.339386,2.6,46
297949,07-01-2024,25,10:00,23:00,51.519769,-0.158144,3.84,225
297950,07-01-2024,32,10:00,23:00,51.57569,-0.222716,2.24,224
297951,07-01-2024,10,10:00,23:00,51.412754,-0.281708,0.55,24
297952,07-01-2024,10,10:00,23:00,51.461016,-0.122731,3,56
297953,07-01-2024,98,10:00,23:00,51.472613,-0.286977,9.63,613
297954,07-01-2024,61,10:00,23:00,51.510489,-0.131548,9.63,642
298325,07-01-2024,10,10:00,23:00,51.579839,-0.121013,0.65,90
298326,07-01-2024,10,10:00,23:00,51.514512,-0.131889,3.93,75
298327,07-01-2024,10,10:00,23:00,51.524414,-0.008935,1.98,91
298328,07-01-2024,29,10:00,23:00,51.462915,0.194791,3.04,212
298329,07-01-2024,28,10:00,23:00,51.416921,-0.265935,3.04,184
298330,07-01-2024,33,10:00,23:00,51.449563,-0.350096,4.36,257
298331,07-01-2024,10,10:00,23:00,51.488706,-0.208554,1.15,61
298332,07-01-2024,40,10:00,23:00,51.672053,-0.037732,6.96,344
298333,07-01-2024,43,10:00,23:00,51.548174,-0.228113,6.96,401
299619,07-01-2024,10,10:00,23:00,51.575443,-0.222949,1.97,49
299620,07-01-2024,10,10:00,23:00,51.561348,-0.072453,1.15,78
300854,07-01-2024,23,10:00,23:00,51.534415,-0.092244,1.74,156
300855,07-01-2024,20,10:00,23:00,51.493161,-0.21827,1.16,177
301359,07-01-2024,80,10:00,23:00,51.500057,-0.093549,9.49,480
301360,07-01-2024,60,10:00,23:00,51.382743,0.093579,9.49,554
301533,07-01-2024,17,10:00,23:00,51.564137,-0.090456,1.93,96
301774,07-01-2024,68,10:00,23:00,51.485307,-0.285605,7.12,357
301775,07-01-2024,58,10:00,23:00,51.463683,-0.162934,7.12,406
301833,07-01-2024,18,10:00,23:00,51.520967,-0.073073,2.3,87
301834,07-01-2024,13,10:00,23:00,51.497813,-0.091796,1.68,74
303125,07-01-2024,10,10:00,23:00,51.502114,-0.108071,2.48,84
303126,07-01-2024,10,10:00,23:00,51.547101,-0.087445,3.68,51
304423,07-01-2024,14,10:00,23:00,51.576034,0.072891,1.18,69
304424,07-01-2024,12,10:00,23:00,51.507611,-0.301896,2.51,59
306806,07-01-2024,23,10:00,23:00,51.499952,-0.087785,1.66,78
306807,07-01-2024,17,10:00,23:00,51.506322,-0.226274,1,76
307360,07-01-2024,19,10:00,23:00,51.573946,-0.416206,3.66,132
307361,07-01-2024,19,10:00,23:00,51.451473,-0.191351,2.73,100
309102,07-01-2024,11,10:00,23:00,51.508675,-0.057898,1.85,90
309467,07-01-2024,10,10:00,23:00,51.524142,-0.069586,3.22,94
309524,07-01-2024,16,10:00,23:00,51.432592,-0.156035,2.96,131
309525,07-01-2024,22,10:00,23:00,51.563505,-0.119802,1.88,98
202680,08-01-2024,13,10:00,23:00,51.584899,-0.333179,2.5,100
202681,08-01-2024,13,10:00,23:00,51.448092,-0.003715,1.47,96
203585,08-01-2024,14,10:00,23:00,51.509628,-0.071606,0.67,91
203916,08-01-2024,10,10:00,23:00,51.507797,-0.196553,1.12,57
203917,08-01-2024,10,10:00,23:00,51.42212,-0.130634,1.12,79
204985,08-01-2024,10,10:00,23:00,51.504057,-0.277449,3.99,57
204986,08-01-2024,10,10:00,23:00,51.39926,-0.178538,2.19,60
206295,08-01-2024,17,10:00,23:00,51.547568,-0.090237,1.94,111
206296,08-01-2024,15,10:00,23:00,51.412495,-0.280226,3.84,101
207440,08-01-2024,10,10:00,23:00,51.603727,-0.278982,0.81,57
208704,08-01-2024,34,10:00,23:00,51.584673,-0.014266,3.53,241
208705,08-01-2024,29,10:00,23:00,51.431522,-0.128712,3.53,268
210025,08-01-2024,30,10:00,23:00,51.649519,-0.163882,3.84,206
210026,08-01-2024,25,10:00,23:00,51.528609,-0.073023,3.84,211
211594,08-01-2024,19,10:00,23:00,51.528611,-0.036226,3.28,115
212142,08-01-2024,18,10:00,23:00,51.512933,-0.321413,0.77,125
212143,08-01-2024,16,10:00,23:00,51.493086,0.051782,1.14,137
212881,08-01-2024,10,10:00,23:00,51.512198,-0.312641,2.64,74
214978,08-01-2024,18,10:00,23:00,51.580104,0.066617,2,68
216121,08-01-2024,29,10:00,23:00,51.615181,-0.029576,3.37,231
216122,08-01-2024,33,10:00,23:00,51.524141,-0.118832,3.36,246
218916,08-01-2024,10,10:00,23:00,51.48243,-0.01501,2.57,75
219256,08-01-2024,14,10:00,23:00,51.544485,-0.154183,1.69,86
224999,08-01-2024,10,10:00,23:00,51.53968,-0.067193,3.07,41
226215,08-01-2024,36,10:00,23:00,51.417123,-0.085217,4.95,247
226216,08-01-2024,31,10:00,23:00,51.441601,-0.149417,4.95,258
226365,08-01-2024,10,10:00,23:00,51.484938,-0.186047,1.08,59
226366,08-01-2024,10,10:00,23:00,51.583196,-0.114509,2.19,47
228696,08-01-2024,12,10:00,23:00,51.395445,0.00322,1.72,55
231754,08-01-2024,10,10:00,23:00,51.540558,-0.147161,3.26,79
231923,08-01-2024,16,10:00,23:00,51.539952,-0.280508,2.53,143
231924,08-01-2024,10,10:00,23:00,51.575349,-0.222574,2.99,90
233065,08-01-2024,10,10:00,23:00,51.545271,-0.105891,0.88,57
233596,08-01-2024,61,10:00,23:00,51.480096,-0.206238,5.76,399
233597,08-01-2024,51,10:00,23:00,51.602818,0.080459,5.76,434
234668,08-01-2024,30,10:00,23:00,51.463472,-0.21934,4.39,149
234669,08-01-2024,26,10:00,23:00,51.538224,-0.179685,4.39,141
234671,08-01-2024,11,10:00,23:00,51.548206,-0.055788,3.05,65
235704,08-01-2024,17,10:00,23:00,51.456761,-0.084781,2.58,113
236902,08-01-2024,67,10:00,23:00,51.546804,-0.171828,7.66,438
238326,08-01-2024,16,10:00,23:00,51.553328,-0.05478,1.99,54
238327,08-01-2024,17,10:00,23:00,51.436185,-0.161663,1.99,84
238908,08-01-2024,15,10:00,23:00,51.484867,-0.312001,2.93,112
239767,08-01-2024,37,10:00,23:00,51.370312,-0.103704,3.28,230
239768,08-01-2024,11,10:00,23:00,51.451167,-0.19152,1.04,83
239769,08-01-2024,10,10:00,23:00,51.440777,-0.195232,1.87,92
240824,08-01-2024,32,10:00,23:00,51.566599,-0.108373,4.35,225
240825,08-01-2024,37,10:00,23:00,51.485155,-0.299476,4.34,190
244720,08-01-2024,10,10:00,23:00,51.556,-0.182573,0.51,44
245440,08-01-2024,14,10:00,23:00,51.424674,0.069528,1.61,91
245441,08-01-2024,10,10:00,23:00,51.559587,-0.197676,1.94,41
245627,08-01-2024,10,10:00,23:00,51.467792,-0.167701,3.52,78
248444,08-01-2024,10,10:00,23:00,51.452105,-0.148634,1.23,85
250778,08-01-2024,33,10:00,23:00,51.466511,-0.151878,4.61,219
250779,08-01-2024,42,10:00,23:00,51.487121,-0.135731,4.61,207
252526,08-01-2024,10,10:00,23:00,51.56799,-0.350288,0.9,76
252527,08-01-2024,10,10:00,23:00,51.518641,-0.215854,1.6,69
254751,08-01-2024,11,10:00,23:00,51.432892,-0.183972,1.12,67
254752,08-01-2024,11,10:00,23:00,51.556932,-0.128327,1.12,81
255680,08-01-2024,11,10:00,23:00,51.49605,-0.190663,3.17,64
255681,08-01-2024,10,10:00,23:00,51.422383,-0.164972,1.12,88
257298,08-01-2024,21,10:00,23:00,51.53973,-0.103814,3.08,120
257299,08-01-2024,21,10:00,23:00,51.516223,-0.01965,2.41,145
257576,08-01-2024,16,10:00,23:00,51.614728,-0.425573,3.91,57
257577,08-01-2024,16,10:00,23:00,51.533452,-0.137534,2.42,77
257657,08-01-2024,12,10:00,23:00,51.548853,-0.07266,1.46,96
257658,08-01-2024,12,10:00,23:00,51.491894,-0.037099,1.46,108
258032,08-01-2024,55,10:00,23:00,51.515946,-0.048336,8.6,391
258278,08-01-2024,10,10:00,23:00,51.527699,-0.124479,2.63,89
259711,08-01-2024,49,10:00,23:00,51.497223,-0.098966,6.66,350
259712,08-01-2024,42,10:00,23:00,51.604171,-0.195973,6.65,424
262502,08-01-2024,13,10:00,23:00,51.410455,0.025233,1.85,72
262503,08-01-2024,10,10:00,23:00,51.49815,-0.223722,2.43,98
264330,08-01-2024,17,10:00,23:00,51.633536,-0.069509,2.1,117
265086,08-01-2024,10,10:00,23:00,51.506227,-0.353701,1.02,77
265087,08-01-2024,16,10:00,23:00,51.428374,-0.306114,3.38,98
266001,08-01-2024,12,10:00,23:00,51.528654,0.073977,1.28,69
266028,08-01-2024,37,10:00,23:00,51.557225,0.120072,3.01,249
266029,08-01-2024,27,10:00,23:00,51.548947,-0.301869,3.01,191
267209,08-01-2024,71,10:00,23:00,51.515427,-0.023975,6.81,536
267210,08-01-2024,56,10:00,23:00,51.566081,-0.109809,6.81,561
267879,08-01-2024,27,10:00,23:00,51.525139,-0.065103,3.33,190
268617,08-01-2024,24,10:00,23:00,51.463748,-0.116068,3.73,112
268618,08-01-2024,24,10:00,23:00,51.371196,-0.106222,2.51,157
268619,08-01-2024,41,10:00,23:00,51.552037,-0.162788,4.08,308
269432,08-01-2024,15,10:00,23:00,51.464918,-0.176648,1.47,84
269433,08-01-2024,13,10:00,23:00,51.51196,0.172962,1.47,46
270620,08-01-2024,20,10:00,23:00,51.431627,-0.302663,2,91
270670,08-01-2024,13,10:00,23:00,51.518059,-0.056208,1.57,75
270855,08-01-2024,10,10:00,23:00,51.511009,-0.282593,0.74,76
270856,08-01-2024,10,10:00,23:00,51.600663,-0.179357,1.28,57
270984,08-01-2024,15,10:00,23:00,51.367531,-0.093307,1.94,106
270985,08-01-2024,18,10:00,23:00,51.46103,-0.291489,2.49,59
271473,08-01-2024,10,10:00,23:00,51.605953,-0.118792,3.49,50
272343,08-01-2024,13,10:00,23:00,51.461282,-0.16669,2.19,67
272344,08-01-2024,11,10:00,23:00,51.451004,0.136049,1.93,84
272880,08-01-2024,11,10:00,23:00,51.4398,-0.305631,1.47,89
273431,08-01-2024,45,10:00,23:00,51.428593,-0.15634,4.97,321
273432,08-01-2024,51,10:00,23:00,51.494063,-0.089314,4.97,289
273781,08-01-2024,20,10:00,23:00,51.530528,-0.265769,1.5,105
274298,08-01-2024,42,10:00,23:00,51.429263,-0.216341,8.31,382
274638,08-01-2024,15,10:00,23:00,51.472811,-0.289885,3.54,100
274795,08-01-2024,12,10:00,23:00,51.576814,-0.22371,3.13,88
275306,08-01-2024,33,10:00,23:00,51.404376,-0.164325,1.96,240
275307,08-01-2024,52,10:00,23:00,51.490772,-0.066264,1.73,230
275504,08-01-2024,29,10:00,23:00,51.523694,0.070054,3.14,218
275505,08-01-2024,38,10:00,23:00,51.53263,-0.225534,3.87,294
277551,08-01-2024,16,10:00,23:00,51.462644,-0.091382,1.57,26
279706,08-01-2024,99,10:00,23:00,51.545213,-0.053374,9.69,653
279769,08-01-2024,18,10:00,23:00,51.428269,-0.055538,2.66,101
279770,08-01-2024,21,10:00,23:00,51.490573,0.086589,2.31,162
280071,08-01-2024,18,10:00,23:00,51.46564,-0.148225,2.93,105
280243,08-01-2024,10,10:00,23:00,51.437901,-0.305441,1.94,82
280297,08-01-2024,41,10:00,23:00,51.464857,-0.263087,3.62,344
280325,08-01-2024,50,10:00,23:00,51.509643,-0.061241,2.83,364
281587,08-01-2024,22,10:00,23:00,51.547937,-0.180305,2.65,88
282075,08-01-2024,28,10:00,23:00,51.473611,-0.137772,2.8,263
282351,08-01-2024,21,10:00,23:00,51.464727,-0.018478,4.09,167
282352,08-01-2024,25,10:00,23:00,51.460724,-0.212938,4.09,162
282353,08-01-2024,15,10:00,23:00,51.423903,-0.299507,3.14,49
283383,08-01-2024,37,10:00,23:00,51.40843,0.065166,4.61,304
283384,08-01-2024,44,10:00,23:00,51.458733,-0.227314,4.61,340
284335,08-01-2024,30,10:00,23:00,51.600084,-0.173476,6.2,278
284336,08-01-2024,49,10:00,23:00,51.557019,-0.162223,6.2,291
285018,08-01-2024,23,10:00,23:00,51.524183,-0.209765,2.48,114
285019,08-01-2024,18,10:00,23:00,51.510229,-0.042708,1.59,100
289362,08-01-2024,14,10:00,23:00,51.527116,0.16963,1.72,82
290759,08-01-2024,16,10:00,23:00,51.471027,0.034099,3.29,110
290760,08-01-2024,20,10:00,23:00,51.473263,0.138459,3.03,114
290851,08-01-2024,11,10:00,23:00,51.500546,0.026416,2.21,93
295847,08-01-2024,26,10:00,23:00,51.539844,0.079617,2.04,126
295848,08-01-2024,20,10:00,23:00,51.55728,0.249206,1.84,97
297001,08-01-2024,10,10:00,23:00,51.572184,0.003013,1.2,96
297409,08-01-2024,25,10:00,23:00,51.59362,0.069009,0.93,106
298201,08-01-2024,57,10:00,23:00,51.557187,-0.004337,3.8,625
299614,08-01-2024,40,10:00,23:00,51.519424,-0.009577,3.45,262
299615,08-01-2024,33,10:00,23:00,51.516648,-0.064613,3.45,245
300018,08-01-2024,10,10:00,23:00,51.450516,-0.066965,2.33,34
300019,08-01-2024,10,10:00,23:00,51.477684,-0.13243,2.85,66
300823,08-01-2024,12,10:00,23:00,51.572927,0.143367,3.54,65
300824,08-01-2024,17,10:00,23:00,51.575209,-0.22213,3.16,64
301281,08-01-2024,20,10:00,23:00,51.460882,-0.279531,3.8,152
301282,08-01-2024,22,10:00,23:00,51.375851,-0.175847,3.8,169
301565,08-01-2024,31,10:00,23:00,51.490687,-0.190109,4.21,261
301976,08-01-2024,44,10:00,23:00,51.491003,-0.082112,3.25,284
302871,08-01-2024,29,10:00,23:00,51.486832,-0.190343,2.67,128
302872,08-01-2024,23,10:00,23:00,51.461724,-0.198566,2.68,163
304017,08-01-2024,41,10:00,23:00,51.440137,-0.159349,5.85,295
307490,08-01-2024,14,10:00,23:00,51.417708,-0.182241,2.51,89
308773,08-01-2024,52,10:00,23:00,51.496192,-0.090866,6.69,443
308774,08-01-2024,44,10:00,23:00,51.505845,-0.005201,6.69,374
311057,08-01-2024,15,10:00,23:00,51.373066,-0.230749,3.22,59
311058,08-01-2024,10,10:00,23:00,51.405044,0.060233,4,60
203395,09-01-2024,39,10:00,23:00,51.571885,-0.131515,4.58,252
203651,09-01-2024,28,10:00,23:00,51.551959,-0.485909,3.39,145
203652,09-01-2024,32,10:00,23:00,51.4694,-0.176539,3.46,173
204446,09-01-2024,10,10:00,23:00,51.513778,-0.162845,1.12,72
205611,09-01-2024,28,10:00,23:00,51.531746,-0.295756,3.25,129
205962,09-01-2024,19,10:00,23:00,51.460482,-0.198111,3.43,132
205963,09-01-2024,18,10:00,23:00,51.541749,-0.138505,3.43,87
205964,09-01-2024,28,10:00,23:00,51.478828,-0.374433,6.25,109
205965,09-01-2024,28,10:00,23:00,51.423675,-0.194419,6.25,132
205966,09-01-2024,10,10:00,23:00,51.504181,-0.244856,2.51,90
205967,09-01-2024,10,10:00,23:00,51.495001,0.113808,3.86,62
206220,09-01-2024,62,10:00,23:00,51.499192,-0.102776,7.04,376
206715,09-01-2024,19,10:00,23:00,51.655615,-0.209732,1.33,84
206716,09-01-2024,18,10:00,23:00,51.498471,-0.050442,1.66,107
208331,09-01-2024,17,10:00,23:00,51.57818,-0.035364,1.98,60
210077,09-01-2024,10,10:00,23:00,51.454803,-0.163696,2.72,96
210078,09-01-2024,10,10:00,23:00,51.543463,-0.05683,0.78,64
211722,09-01-2024,12,10:00,23:00,51.503973,-0.225947,1.68,33
215846,09-01-2024,26,10:00,23:00,51.542592,-0.193616,3.2,207
215847,09-01-2024,28,10:00,23:00,51.490391,-0.21752,3.17,152
217072,09-01-2024,30,10:00,23:00,51.512928,-0.231503,3.28,130
217391,09-01-2024,10,10:00,23:00,51.498556,-0.234538,2.39,58
217866,09-01-2024,31,10:00,23:00,51.370193,-0.298069,2.63,171
217968,09-01-2024,26,10:00,23:00,51.580008,0.032701,2.85,109
217969,09-01-2024,13,10:00,23:00,51.650701,-0.153016,2.74,89
218409,09-01-2024,11,10:00,23:00,51.443546,0.016526,1.47,66
218410,09-01-2024,12,10:00,23:00,51.51065,0.012381,3.06,85
219009,09-01-2024,14,10:00,23:00,51.510291,-0.226604,1.96,64
222369,09-01-2024,44,10:00,23:00,51.520178,-0.069761,4.29,243
224754,09-01-2024,30,10:00,23:00,51.490915,-0.137084,1.76,91
224755,09-01-2024,13,10:00,23:00,51.353472,-0.182064,3.58,74
224756,09-01-2024,10,10:00,23:00,51.568441,-0.228409,2.11,76
225640,09-01-2024,119,10:00,23:00,51.533305,-0.143965,12.3,907
227160,09-01-2024,10,10:00,23:00,51.564194,0.074791,0.61,54
227161,09-01-2024,10,10:00,23:00,51.572224,-0.410535,0.7,82
230570,09-01-2024,36,10:00,23:00,51.582017,-0.112565,4.59,261
230571,09-01-2024,30,10:00,23:00,51.418211,-0.128909,4.59,196
231412,09-01-2024,10,10:00,23:00,51.46526,-0.177679,3.27,36
231413,09-01-2024,10,10:00,23:00,51.513572,-0.156692,3.4,72
232231,09-01-2024,16,10:00,23:00,51.494263,0.043788,0.96,82
234644,09-01-2024,26,10:00,23:00,51.543462,-0.187011,2.1,93
234645,09-01-2024,62,10:00,23:00,51.44708,-0.011261,2.67,160
235592,09-01-2024,25,10:00,23:00,51.521863,-0.196312,3.34,132
237151,09-01-2024,27,10:00,23:00,51.455987,-0.360452,2.4,115
239393,09-01-2024,13,10:00,23:00,51.599061,-0.129207,3.07,67
239394,09-01-2024,14,10:00,23:00,51.527545,-0.26376,3.65,66
240191,09-01-2024,11,10:00,23:00,51.35089,-0.02173,1.83,93
240192,09-01-2024,11,10:00,23:00,51.527606,-0.036359,1.8,73
241622,09-01-2024,13,10:00,23:00,51.520674,-0.161546,2,103
241623,09-01-2024,17,10:00,23:00,51.52838,-0.096029,3.96,100
242256,09-01-2024,14,10:00,23:00,51.523343,-0.129406,3.54,34
242257,09-01-2024,11,10:00,23:00,51.657742,-0.058847,2.41,105
242273,09-01-2024,10,10:00,23:00,51.49968,-0.03887,2.91,59
242274,09-01-2024,26,10:00,23:00,51.587297,-0.27569,4.05,203
242275,09-01-2024,30,10:00,23:00,51.53128,-0.09001,4.05,198
242373,09-01-2024,25,10:00,23:00,51.50583,-0.462923,3.45,149
242374,09-01-2024,20,10:00,23:00,51.575388,-0.222827,1.9,156
245531,09-01-2024,45,10:00,23:00,51.55001,-0.469442,3.86,256
245532,09-01-2024,28,10:00,23:00,51.521691,-0.107466,3.86,274
246312,09-01-2024,22,10:00,23:00,51.524683,0.022567,2.9,123
248325,09-01-2024,31,10:00,23:00,51.494921,-0.240755,2.38,170
248326,09-01-2024,30,10:00,23:00,51.517327,-0.185308,2.38,138
248327,09-01-2024,45,10:00,23:00,51.552487,-0.059853,7.33,411
248328,09-01-2024,53,10:00,23:00,51.541447,-0.197576,7.33,370
250060,09-01-2024,19,10:00,23:00,51.568052,-0.09575,3.64,78
251697,09-01-2024,10,10:00,23:00,51.46611,-0.265575,0.84,33
251698,09-01-2024,10,10:00,23:00,51.497552,0.10161,3.53,36
254375,09-01-2024,10,10:00,23:00,51.659728,-0.157064,1.16,53
254376,09-01-2024,15,10:00,23:00,51.435684,0.079445,3.19,96
254509,09-01-2024,10,10:00,23:00,51.469068,-0.185185,2.13,99
254683,09-01-2024,25,10:00,23:00,51.559716,-0.28325,2.66,161
254684,09-01-2024,27,10:00,23:00,51.461336,0.028723,2.66,143
257404,09-01-2024,10,10:00,23:00,51.52334,-0.110494,2.08,74
257405,09-01-2024,10,10:00,23:00,51.547905,-0.030107,2.04,72
258031,09-01-2024,40,10:00,23:00,51.554132,-0.207908,5.92,332
258035,09-01-2024,37,10:00,23:00,51.473308,-0.052873,5.31,377
258607,09-01-2024,34,10:00,23:00,51.374018,-0.117631,4.76,362
258608,09-01-2024,47,10:00,23:00,51.479686,-0.19693,4.76,283
262287,09-01-2024,12,10:00,23:00,51.473082,-0.019136,2.2,97
262288,09-01-2024,11,10:00,23:00,51.606738,-0.272279,1.36,91
263070,09-01-2024,56,10:00,23:00,51.515896,-0.242435,4.54,306
263071,09-01-2024,62,10:00,23:00,51.435898,-0.162609,4.54,316
263779,09-01-2024,11,10:00,23:00,51.508259,-0.274218,1.17,89
263780,09-01-2024,10,10:00,23:00,51.523491,0.070442,2.73,94
265007,09-01-2024,23,10:00,23:00,51.448195,-0.148202,2.5,210
265008,09-01-2024,24,10:00,23:00,51.478942,-0.103242,2.5,138
266293,09-01-2024,12,10:00,23:00,51.51581,-0.026166,1.46,94
266294,09-01-2024,11,10:00,23:00,51.497777,-0.220449,2.2,86
266436,09-01-2024,27,10:00,23:00,51.451923,0.003848,3.38,174
266437,09-01-2024,36,10:00,23:00,51.48141,-0.059706,2.4,213
266605,09-01-2024,30,10:00,23:00,51.615592,-0.163632,3.24,169
266606,09-01-2024,28,10:00,23:00,51.617737,-0.258583,0.71,120
266981,09-01-2024,16,10:00,23:00,51.510207,0.172546,2.8,156
266982,09-01-2024,19,10:00,23:00,51.485934,-0.186733,2.96,148
267429,09-01-2024,14,10:00,23:00,51.523601,-0.038182,3.1,61
268150,09-01-2024,16,10:00,23:00,51.421093,0.07356,2,91
269023,09-01-2024,24,10:00,23:00,51.514813,-0.020495,3.98,158
269024,09-01-2024,23,10:00,23:00,51.341174,-0.087369,3.96,154
269413,09-01-2024,16,10:00,23:00,51.370739,-0.288009,1.85,88
269661,09-01-2024,19,10:00,23:00,51.473478,0.045664,3.49,70
269673,09-01-2024,15,10:00,23:00,51.527175,-0.199915,0.75,53
269674,09-01-2024,24,10:00,23:00,51.507752,-0.387689,1.45,123
270002,09-01-2024,10,10:00,23:00,51.415298,0.060915,1.73,74
270778,09-01-2024,10,10:00,23:00,51.627449,-0.126034,2.52,69
270779,09-01-2024,10,10:00,23:00,51.517538,-0.066848,1.35,51
277766,09-01-2024,23,10:00,23:00,51.470683,-0.177825,1.71,146
277767,09-01-2024,19,10:00,23:00,51.509189,-0.061998,2.37,139
279134,09-01-2024,23,10:00,23:00,51.349468,-0.145906,3.96,133
279135,09-01-2024,27,10:00,23:00,51.491967,-0.026066,3.73,179
283629,09-01-2024,10,10:00,23:00,51.53314,-0.343352,1.32,71
283801,09-01-2024,10,10:00,23:00,51.472621,-0.040995,3.88,74
283802,09-01-2024,10,10:00,23:00,51.532761,-0.179902,3.07,100
285307,09-01-2024,10,10:00,23:00,51.538257,-0.078473,2.43,56
285308,09-01-2024,10,10:00,23:00,51.505104,-0.256959,3.89,85
288110,09-01-2024,10,10:00,23:00,51.503847,-0.10273,2.57,84
288488,09-01-2024,16,10:00,23:00,51.414465,-0.19135,3.23,135
288747,09-01-2024,23,10:00,23:00,51.509252,-0.132373,5.09,114
289778,09-01-2024,15,10:00,23:00,51.459761,-0.291673,3.16,97
289779,09-01-2024,22,10:00,23:00,51.575547,-0.222008,3.76,55
294441,09-01-2024,19,10:00,23:00,51.517738,-0.190328,2.11,179
294442,09-01-2024,14,10:00,23:00,51.540716,0.013095,3.92,87
294707,09-01-2024,30,10:00,23:00,51.376581,-0.024907,4.33,263
294708,09-01-2024,34,10:00,23:00,51.493625,-0.279301,4.34,256
296089,09-01-2024,17,10:00,23:00,51.591972,0.22829,1.74,51
296090,09-01-2024,16,10:00,23:00,51.435977,-0.019924,1.74,35
297905,09-01-2024,10,10:00,23:00,51.527532,-0.263028,2.02,63
297906,09-01-2024,18,10:00,23:00,51.484503,0.162876,2.58,107
297907,09-01-2024,16,10:00,23:00,51.417414,-0.288103,2.58,120
298687,09-01-2024,33,10:00,23:00,51.580621,-0.021091,3.63,258
298688,09-01-2024,14,10:00,23:00,51.518279,-0.145587,3.41,52
298802,09-01-2024,19,10:00,23:00,51.539307,-0.245557,2.62,95
301254,09-01-2024,14,10:00,23:00,51.530077,-0.008637,3.56,82
304646,09-01-2024,27,10:00,23:00,51.554624,0.036597,2.21,82
304647,09-01-2024,18,10:00,23:00,51.491541,0.017063,2.62,168
304854,09-01-2024,23,10:00,23:00,51.498844,-0.231956,4.9,109
304855,09-01-2024,28,10:00,23:00,51.390357,-0.305098,4.9,109
304954,09-01-2024,10,10:00,23:00,51.655664,-0.2096,3.1,31
304955,09-01-2024,10,10:00,23:00,51.494331,0.043004,1.19,33
306110,09-01-2024,65,10:00,23:00,51.485813,-0.210791,2.9,327
308498,09-01-2024,39,10:00,23:00,51.468757,-0.106329,5.03,297
309328,09-01-2024,43,10:00,23:00,51.466211,-0.022681,2.64,277
310926,09-01-2024,10,10:00,23:00,51.531293,-0.047843,1.01,75
310927,09-01-2024,10,10:00,23:00,51.513282,-0.323928,2.1,63
202670,10-01-2024,10,10:00,23:00,51.388395,0.039842,1.54,82
202671,10-01-2024,10,10:00,23:00,51.550386,0.019009,3.08,40
203645,10-01-2024,29,10:00,23:00,51.500852,-0.01789,4.01,239
203646,10-01-2024,33,10:00,23:00,51.44449,-0.052328,4.01,218
205152,10-01-2024,10,10:00,23:00,51.496411,-0.096335,2.84,58
205153,10-01-2024,10,10:00,23:00,51.473851,-0.154879,1.39,42
206014,10-01-2024,22,10:00,23:00,51.605521,0.222583,2.53,72
206877,10-01-2024,12,10:00,23:00,51.487623,-0.144582,2.19,85
206878,10-01-2024,12,10:00,23:00,51.50384,-0.097811,1.47,65
206903,10-01-2024,46,10:00,23:00,51.529663,0.062136,5.26,386
206904,10-01-2024,55,10:00,23:00,51.449399,-0.118236,5.26,314
209864,10-01-2024,34,10:00,23:00,51.544173,-0.12558,3.9,215
211495,10-01-2024,32,10:00,23:00,51.373517,-0.119317,3.65,142
211496,10-01-2024,22,10:00,23:00,51.485396,0.102688,3.65,156
213604,10-01-2024,13,10:00,23:00,51.506897,-0.25977,1.21,83
215450,10-01-2024,17,10:00,23:00,51.532986,-0.087354,3.29,74
215451,10-01-2024,17,10:00,23:00,51.498224,-0.207033,2.45,135
216204,10-01-2024,31,10:00,23:00,51.419328,-0.300849,4.67,252
216205,10-01-2024,34,10:00,23:00,51.594045,-0.145308,4.67,241
216267,10-01-2024,14,10:00,23:00,51.51419,-0.230322,1.28,70
217564,10-01-2024,15,10:00,23:00,51.479358,-0.286305,1.68,88
217565,10-01-2024,16,10:00,23:00,51.396755,-0.121359,3.15,97
217994,10-01-2024,38,10:00,23:00,51.519518,-0.041653,3.98,173
218718,10-01-2024,22,10:00,23:00,51.512878,0.011581,3.37,173
218719,10-01-2024,29,10:00,23:00,51.554502,0.034368,2.79,170
219830,10-01-2024,12,10:00,23:00,51.356362,-0.105041,3.7,98
219831,10-01-2024,13,10:00,23:00,51.504019,-0.212944,1.33,34
223677,10-01-2024,57,10:00,23:00,51.488711,-0.194986,7.1,358
224203,10-01-2024,13,10:00,23:00,51.4915,-0.098179,2.34,75
224204,10-01-2024,15,10:00,23:00,51.485445,-0.070964,1.69,57
225489,10-01-2024,10,10:00,23:00,51.374814,-0.117822,3.42,29
225490,10-01-2024,10,10:00,23:00,51.519902,-0.009752,3.47,75
225607,10-01-2024,23,10:00,23:00,51.461307,-0.190167,1.71,144
225608,10-01-2024,26,10:00,23:00,51.491946,-0.149649,2.93,158
226557,10-01-2024,23,10:00,23:00,51.583872,0.260206,2.75,137
226558,10-01-2024,30,10:00,23:00,51.5345,-0.107308,2.75,182
226741,10-01-2024,10,10:00,23:00,51.431266,-0.061334,2.7,54
226742,10-01-2024,10,10:00,23:00,51.41061,-0.287183,1.88,86
229319,10-01-2024,10,10:00,23:00,51.516068,-0.007221,2.99,48
229320,10-01-2024,11,10:00,23:00,51.515887,-0.251052,1.19,38
229519,10-01-2024,19,10:00,23:00,51.520304,-0.084108,2.3,97
233502,10-01-2024,36,10:00,23:00,51.478373,-0.194455,4.67,283
233503,10-01-2024,31,10:00,23:00,51.557583,-0.121052,4.67,319
233748,10-01-2024,34,10:00,23:00,51.53531,-0.119617,4.56,292
233749,10-01-2024,44,10:00,23:00,51.611465,-0.04222,4.56,306
235963,10-01-2024,10,10:00,23:00,51.391412,-0.296687,2.88,61
235964,10-01-2024,10,10:00,23:00,51.613387,-0.124482,1.2,50
237729,10-01-2024,10,10:00,23:00,51.430196,-0.106387,3.41,50
237730,10-01-2024,11,10:00,23:00,51.525243,-0.190076,2.79,71
237988,10-01-2024,50,10:00,23:00,51.371069,-0.114702,5.33,349
237989,10-01-2024,37,10:00,23:00,51.520036,-0.182421,5.33,372
239813,10-01-2024,13,10:00,23:00,51.478014,-0.127779,3.06,112
239978,10-01-2024,17,10:00,23:00,51.426681,-0.037635,1.37,48
240616,10-01-2024,10,10:00,23:00,51.500398,-0.303358,3.61,75
240617,10-01-2024,10,10:00,23:00,51.499991,-0.210801,1.87,99
243213,10-01-2024,13,10:00,23:00,51.574819,0.202558,0.91,81
243724,10-01-2024,11,10:00,23:00,51.375783,-0.097715,1.46,92
245640,10-01-2024,35,10:00,23:00,51.595241,-0.240521,4.72,184
247168,10-01-2024,34,10:00,23:00,51.507,-0.244328,4.2,344
247169,10-01-2024,42,10:00,23:00,51.398638,-0.21242,4.2,285
249280,10-01-2024,63,10:00,23:00,51.537731,-0.145355,9.21,488
249281,10-01-2024,74,10:00,23:00,51.629463,5.80E-05,9.2,506
251350,10-01-2024,15,10:00,23:00,51.575826,-0.222284,1.28,49
252132,10-01-2024,10,10:00,23:00,51.558087,-0.103567,3.81,100
252230,10-01-2024,21,10:00,23:00,51.510522,0.012817,2.93,67
252231,10-01-2024,15,10:00,23:00,51.386145,-0.226599,2.49,61
252232,10-01-2024,10,10:00,23:00,51.441011,-0.204466,3.69,91
252233,10-01-2024,10,10:00,23:00,51.488785,-0.208121,2.76,65
252238,10-01-2024,11,10:00,23:00,51.469831,-0.067703,1.48,75
252239,10-01-2024,17,10:00,23:00,51.520764,-0.109451,3.08,50
253258,10-01-2024,22,10:00,23:00,51.426915,-0.328702,1.38,167
253887,10-01-2024,14,10:00,23:00,51.48764,-0.144601,2.08,80
253888,10-01-2024,10,10:00,23:00,51.453945,-0.294491,2.38,54
253889,10-01-2024,11,10:00,23:00,51.576376,-0.021964,1.54,41
254089,10-01-2024,10,10:00,23:00,51.503387,-0.111563,3.46,50
254153,10-01-2024,17,10:00,23:00,51.58919,-0.067595,3.56,106
254154,10-01-2024,32,10:00,23:00,51.579007,-0.100024,3.13,78
254413,10-01-2024,57,10:00,23:00,51.470027,-0.106534,7.7,475
254414,10-01-2024,62,10:00,23:00,51.439834,-0.182912,7.7,494
254796,10-01-2024,23,10:00,23:00,51.4385,-0.161886,1.98,181
254797,10-01-2024,19,10:00,23:00,51.590604,-0.164981,1.98,170
254990,10-01-2024,15,10:00,23:00,51.487587,0.031248,2.79,83
254991,10-01-2024,34,10:00,23:00,51.413953,-0.289891,3.44,233
255302,10-01-2024,32,10:00,23:00,51.491359,-0.287117,3.58,196
255837,10-01-2024,33,10:00,23:00,51.584523,-0.347995,3.8,237
255838,10-01-2024,42,10:00,23:00,51.45207,-0.00393,3.8,307
259087,10-01-2024,15,10:00,23:00,51.473099,-0.047208,3.74,99
259892,10-01-2024,42,10:00,23:00,51.415105,-0.191933,5.05,335
259893,10-01-2024,45,10:00,23:00,51.421828,-0.164582,5.05,321
262061,10-01-2024,25,10:00,23:00,51.508513,-0.143702,3.66,110
262426,10-01-2024,10,10:00,23:00,51.498887,-0.115385,1.28,42
262427,10-01-2024,11,10:00,23:00,51.664862,-0.070734,1.6,99
262428,10-01-2024,40,10:00,23:00,51.52747,-0.049834,3.46,208
262429,10-01-2024,42,10:00,23:00,51.374187,-0.117024,3.46,236
264522,10-01-2024,12,10:00,23:00,51.380218,-0.119535,1.35,82
264523,10-01-2024,16,10:00,23:00,51.488437,0.065208,1.44,78
264662,10-01-2024,17,10:00,23:00,51.537398,-0.076611,1.47,64
264663,10-01-2024,17,10:00,23:00,51.46101,-0.134664,3.76,92
264744,10-01-2024,30,10:00,23:00,51.518396,-0.109684,3.56,230
264745,10-01-2024,35,10:00,23:00,51.458518,-0.108738,3.56,225
265032,10-01-2024,10,10:00,23:00,51.41616,-0.05936,1.26,46
265033,10-01-2024,11,10:00,23:00,51.461427,-0.070699,1.91,73
266713,10-01-2024,50,10:00,23:00,51.500016,0.1196,4.2,363
266714,10-01-2024,44,10:00,23:00,51.553205,-0.111412,4.2,442
267737,10-01-2024,36,10:00,23:00,51.457982,-0.09669,3.34,214
267738,10-01-2024,32,10:00,23:00,51.587777,-0.353714,3.34,270
267740,10-01-2024,16,10:00,23:00,51.491675,-0.037314,1.79,83
268235,10-01-2024,17,10:00,23:00,51.540072,-0.043232,2.93,89
268583,10-01-2024,10,10:00,23:00,51.527083,-0.203138,2.72,52
268584,10-01-2024,10,10:00,23:00,51.524564,-0.189032,3.59,64
271224,10-01-2024,52,10:00,23:00,51.44849,-0.199558,6.54,412
271588,10-01-2024,10,10:00,23:00,51.518533,-0.13856,2.96,43
271589,10-01-2024,13,10:00,23:00,51.512088,0.005142,0.85,82
273780,10-01-2024,10,10:00,23:00,51.499023,-0.09337,2.8,81
277861,10-01-2024,41,10:00,23:00,51.527007,-0.249491,6.64,273
277862,10-01-2024,50,10:00,23:00,51.589676,-0.016763,6.64,288
279460,10-01-2024,15,10:00,23:00,51.524585,-0.204233,1.21,103
279461,10-01-2024,14,10:00,23:00,51.492493,-0.267024,2.7,99
280777,10-01-2024,19,10:00,23:00,51.575802,-0.146896,3.72,129
280778,10-01-2024,21,10:00,23:00,51.578956,-0.142737,3.9,90
282184,10-01-2024,21,10:00,23:00,51.49037,-0.193839,2.4,78
283469,10-01-2024,13,10:00,23:00,51.4689,-0.169009,2.33,91
283470,10-01-2024,18,10:00,23:00,51.567123,-0.153842,2.33,122
283540,10-01-2024,10,10:00,23:00,51.508883,-0.064112,3.99,67
285711,10-01-2024,28,10:00,23:00,51.4939,-0.007462,2.93,124
285712,10-01-2024,23,10:00,23:00,51.480491,0.022027,2.93,110
285738,10-01-2024,52,10:00,23:00,51.486552,-0.143574,7.32,389
285739,10-01-2024,66,10:00,23:00,51.592821,-0.00723,7.32,352
287819,10-01-2024,22,10:00,23:00,51.391099,-0.072393,1.95,90
287820,10-01-2024,25,10:00,23:00,51.560925,-0.146728,1.95,97
288740,10-01-2024,23,10:00,23:00,51.486486,-0.119807,3,143
289130,10-01-2024,13,10:00,23:00,51.473647,0.170353,2.43,91
289131,10-01-2024,12,10:00,23:00,51.571564,-0.089612,2.88,81
289358,10-01-2024,10,10:00,23:00,51.390445,0.038776,3.27,44
289359,10-01-2024,10,10:00,23:00,51.553751,0.162421,3.35,47
289360,10-01-2024,10,10:00,23:00,51.577288,-0.234915,2.67,24
289361,10-01-2024,10,10:00,23:00,51.650039,-0.047581,2.01,74
289913,10-01-2024,22,10:00,23:00,51.597231,-0.204046,3.37,88
290350,10-01-2024,10,10:00,23:00,51.527228,-0.258324,3.17,85
290351,10-01-2024,15,10:00,23:00,51.491533,-0.038464,3.1,86
290992,10-01-2024,24,10:00,23:00,51.532556,-0.20143,3.3,182
290993,10-01-2024,21,10:00,23:00,51.575821,-0.222027,2.55,176
291200,10-01-2024,15,10:00,23:00,51.511572,-0.048018,3.17,99
291201,10-01-2024,17,10:00,23:00,51.563061,-0.090557,3.24,84
292015,10-01-2024,17,10:00,23:00,51.472461,-0.050757,1.3,77
292016,10-01-2024,20,10:00,23:00,51.37304,-0.093307,2.87,87
293005,10-01-2024,10,10:00,23:00,51.367835,-0.153998,2.31,39
294440,10-01-2024,13,10:00,23:00,51.400918,-0.306861,1.59,74
296414,10-01-2024,36,10:00,23:00,51.515251,-0.04586,3.02,165
296415,10-01-2024,32,10:00,23:00,51.559625,0.010847,3.02,129
297975,10-01-2024,38,10:00,23:00,51.464918,-0.10006,5.36,235
300787,10-01-2024,17,10:00,23:00,51.540863,-0.103596,2.34,117
300993,10-01-2024,35,10:00,23:00,51.492942,0.078502,4.15,245
301310,10-01-2024,87,10:00,23:00,51.500422,-0.103526,8.43,510
301311,10-01-2024,63,10:00,23:00,51.49518,-0.243388,8.43,560
302654,10-01-2024,31,10:00,23:00,51.478775,-0.083568,2.9,261
304212,10-01-2024,24,10:00,23:00,51.46296,0.028011,3.75,184
304213,10-01-2024,23,10:00,23:00,51.544749,-0.273751,3.75,228
304225,10-01-2024,10,10:00,23:00,51.537748,-0.143718,2.98,84
305234,10-01-2024,23,10:00,23:00,51.517022,-0.283276,1.19,114
305235,10-01-2024,18,10:00,23:00,51.516872,-0.077443,3.57,158
305878,10-01-2024,46,10:00,23:00,51.510494,-0.226945,6.54,350
305879,10-01-2024,46,10:00,23:00,51.520538,-0.120949,6.54,367
305880,10-01-2024,10,10:00,23:00,51.500995,-0.116616,3.3,86
305881,10-01-2024,10,10:00,23:00,51.547719,-0.012735,2.07,30
305882,10-01-2024,25,10:00,23:00,51.486717,-0.1785,2.24,136
305883,10-01-2024,28,10:00,23:00,51.46336,-0.129465,3.3,150
305884,10-01-2024,21,10:00,23:00,51.488323,-0.102985,3.35,96
305885,10-01-2024,21,10:00,23:00,51.549073,-0.059152,2.84,147
305886,10-01-2024,10,10:00,23:00,51.537314,-0.136209,1.34,39
305887,10-01-2024,11,10:00,23:00,51.53443,-0.378868,3.31,97
307799,10-01-2024,12,10:00,23:00,51.472416,0.198563,2.89,66
307800,10-01-2024,10,10:00,23:00,51.477183,-0.030033,3.85,46
308422,10-01-2024,22,10:00,23:00,51.566744,-0.05275,3.07,96
310041,10-01-2024,12,10:00,23:00,51.560931,-0.197334,1.84,73
310217,10-01-2024,59,10:00,23:00,51.504625,-0.192118,4.02,349
310634,10-01-2024,24,10:00,23:00,51.465628,-0.193789,2.16,154
310635,10-01-2024,28,10:00,23:00,51.646384,-0.147872,3.84,184
311000,10-01-2024,34,10:00,23:00,51.500598,-0.180662,3.29,218
311215,10-01-2024,13,10:00,23:00,51.538858,-0.152924,1.53,57
311216,10-01-2024,14,10:00,23:00,51.462626,-0.125236,3.69,96
203544,11-01-2024,12,10:00,23:00,51.521195,-0.077205,3.69,98
203545,11-01-2024,15,10:00,23:00,51.471509,-0.023683,2.56,74
210719,11-01-2024,16,10:00,23:00,51.615758,-0.017436,3.03,105
210720,11-01-2024,18,10:00,23:00,51.448162,-0.401245,3.37,109
212395,11-01-2024,18,10:00,23:00,51.481619,-0.131093,2.01,80
212560,11-01-2024,20,10:00,23:00,51.39527,-0.305467,3.09,92
212561,11-01-2024,29,10:00,23:00,51.57679,-0.121765,2.42,151
212889,11-01-2024,10,10:00,23:00,51.508771,-0.270877,2.12,100
213430,11-01-2024,15,10:00,23:00,51.538269,0.032294,1.55,126
213431,11-01-2024,13,10:00,23:00,51.513401,-0.071612,3.96,42
213517,11-01-2024,51,10:00,23:00,51.586628,-0.039198,3.96,372
213518,11-01-2024,42,10:00,23:00,51.504806,-0.211742,3.96,327
213519,11-01-2024,10,10:00,23:00,51.594285,-0.187926,2.25,80
214032,11-01-2024,79,10:00,23:00,51.474425,-0.213646,2.99,221
218312,11-01-2024,12,10:00,23:00,51.556671,-0.168784,1.86,106
220333,11-01-2024,10,10:00,23:00,51.541511,-0.168034,3.73,96
220334,11-01-2024,11,10:00,23:00,51.494114,-0.269688,1.12,62
223106,11-01-2024,15,10:00,23:00,51.368618,-0.187547,2.16,52
224817,11-01-2024,10,10:00,23:00,51.46183,-0.165908,0.78,70
225363,11-01-2024,20,10:00,23:00,51.50041,-0.08733,2.48,183
225364,11-01-2024,27,10:00,23:00,51.339683,-0.119591,2.48,151
225622,11-01-2024,18,10:00,23:00,51.595755,-0.415564,1.68,88
225623,11-01-2024,14,10:00,23:00,51.590284,-0.164551,1.79,67
229055,11-01-2024,15,10:00,23:00,51.505969,-0.069293,1.21,93
229576,11-01-2024,69,10:00,23:00,51.465788,-0.016809,8.47,535
229577,11-01-2024,70,10:00,23:00,51.519537,-0.111079,8.47,545
230375,11-01-2024,15,10:00,23:00,51.508985,-0.28676,2.91,68
232052,11-01-2024,11,10:00,23:00,51.546635,0.032102,2.45,30
233452,11-01-2024,11,10:00,23:00,51.49452,-0.167903,2.28,60
234727,11-01-2024,30,10:00,23:00,51.478152,-0.180166,3.21,297
234728,11-01-2024,36,10:00,23:00,51.47868,-0.116104,2.56,285
237412,11-01-2024,33,10:00,23:00,51.513211,0.010011,2.62,215
237474,11-01-2024,22,10:00,23:00,51.542719,-0.125512,1.66,116
237475,11-01-2024,21,10:00,23:00,51.488794,-0.034445,3.55,98
240158,11-01-2024,56,10:00,23:00,51.432515,-0.165263,4.27,1059
241593,11-01-2024,25,10:00,23:00,51.375432,-0.206485,2.35,145
241594,11-01-2024,20,10:00,23:00,51.551816,0.031332,2.35,146
246195,11-01-2024,16,10:00,23:00,51.609535,-0.278049,3.45,82
247670,11-01-2024,11,10:00,23:00,51.500446,-0.072478,3.13,83
249612,11-01-2024,18,10:00,23:00,51.492619,-0.104129,1.15,143
249613,11-01-2024,22,10:00,23:00,51.389111,-0.023675,2.22,201
250329,11-01-2024,14,10:00,23:00,51.514512,-0.067757,3.15,80
250330,11-01-2024,12,10:00,23:00,51.468879,-0.288342,2.09,26
250794,11-01-2024,10,10:00,23:00,51.575006,-0.222689,1.17,51
250795,11-01-2024,10,10:00,23:00,51.471707,-0.139916,2.71,98
252067,11-01-2024,12,10:00,23:00,51.547403,-0.070923,2.41,87
252159,11-01-2024,20,10:00,23:00,51.418242,-0.224746,3.49,123
252530,11-01-2024,21,10:00,23:00,51.545847,-0.051828,1.24,35
252531,11-01-2024,12,10:00,23:00,51.478699,-0.1816,1.24,87
252786,11-01-2024,26,10:00,23:00,51.549795,-0.059376,3.54,171
253020,11-01-2024,30,10:00,23:00,51.582224,-0.100301,1.98,128
253551,11-01-2024,24,10:00,23:00,51.509275,-0.035478,2.55,172
253552,11-01-2024,21,10:00,23:00,51.510229,0.046307,3.01,172
253630,11-01-2024,22,10:00,23:00,51.438024,-0.126656,2.58,91
254201,11-01-2024,10,10:00,23:00,51.541856,-0.124978,2,43
254202,11-01-2024,10,10:00,23:00,51.527649,-0.199989,0.95,83
254669,11-01-2024,11,10:00,23:00,51.52932,-0.049939,3.59,58
254670,11-01-2024,10,10:00,23:00,51.520485,-0.072263,1.26,82
256216,11-01-2024,23,10:00,23:00,51.451693,-0.191908,3.41,189
256507,11-01-2024,15,10:00,23:00,51.609016,0.121434,3.94,94
256754,11-01-2024,43,10:00,23:00,51.443073,-0.17832,6.73,204
256755,11-01-2024,32,10:00,23:00,51.609792,-0.278808,6.73,228
258198,11-01-2024,38,10:00,23:00,51.45323,-0.070827,2.8,144
258199,11-01-2024,36,10:00,23:00,51.467278,-0.029352,2.8,160
258967,11-01-2024,10,10:00,23:00,51.533473,-0.189283,3.7,96
260723,11-01-2024,36,10:00,23:00,51.447077,-0.118254,5.28,265
260859,11-01-2024,12,10:00,23:00,51.499883,0.030637,3.5,61
261449,11-01-2024,10,10:00,23:00,51.470147,0.115681,1.99,79
262487,11-01-2024,14,10:00,23:00,51.420837,-0.139231,1.18,124
262488,11-01-2024,18,10:00,23:00,51.540944,-0.070363,3.38,79
264599,11-01-2024,65,10:00,23:00,51.547583,-0.063387,13.14,555
267062,11-01-2024,28,10:00,23:00,51.528043,-0.188848,3.49,179
268500,11-01-2024,11,10:00,23:00,51.470375,-0.122672,2.03,85
268501,11-01-2024,13,10:00,23:00,51.515963,-0.082194,1.44,76
268534,11-01-2024,10,10:00,23:00,51.567462,-0.094825,1.88,89
268535,11-01-2024,13,10:00,23:00,51.58824,-0.042467,3.1,85
270130,11-01-2024,10,10:00,23:00,51.486417,-0.204727,2.98,92
270644,11-01-2024,14,10:00,23:00,51.575601,-0.222634,2.33,110
271798,11-01-2024,77,10:00,23:00,51.466147,0.008682,7.08,550
271799,11-01-2024,54,10:00,23:00,51.525642,-0.084077,7.09,551
272460,11-01-2024,31,10:00,23:00,51.517826,-0.141304,3.95,244
272461,11-01-2024,31,10:00,23:00,51.456495,-0.181031,3.95,161
274443,11-01-2024,19,10:00,23:00,51.485979,-0.231274,2.28,51
274461,11-01-2024,10,10:00,23:00,51.323436,-0.139281,2.92,41
276763,11-01-2024,23,10:00,23:00,51.505935,-0.210719,3.99,120
276961,11-01-2024,60,10:00,23:00,51.523154,-0.150456,5.26,748
276962,11-01-2024,82,10:00,23:00,51.431105,-0.185694,5.25,762
277897,11-01-2024,10,10:00,23:00,51.491767,-0.024728,2.17,91
277898,11-01-2024,10,10:00,23:00,51.577836,-0.029803,1.96,84
279700,11-01-2024,13,10:00,23:00,51.554658,-0.122539,2,95
279701,11-01-2024,14,10:00,23:00,51.594662,-0.197624,3.32,99
280728,11-01-2024,34,10:00,23:00,51.48238,-0.017655,5.33,211
280729,11-01-2024,33,10:00,23:00,51.410154,-0.215651,5.33,220
281161,11-01-2024,14,10:00,23:00,51.54458,-0.011311,3.94,106
281162,11-01-2024,16,10:00,23:00,51.414877,-0.136059,2.31,135
281550,11-01-2024,33,10:00,23:00,51.478114,-0.121274,3.19,234
281551,11-01-2024,32,10:00,23:00,51.474498,-0.119387,3.88,208
281742,11-01-2024,10,10:00,23:00,51.49088,0.08658,2.16,56
282839,11-01-2024,29,10:00,23:00,51.560463,-0.246118,3.15,191
282840,11-01-2024,24,10:00,23:00,51.339386,-0.112326,3.15,159
284066,11-01-2024,26,10:00,23:00,51.488789,0.033507,5.68,188
284067,11-01-2024,30,10:00,23:00,51.544834,-0.056531,5.68,197
285025,11-01-2024,20,10:00,23:00,51.548463,-0.203513,2.2,119
285804,11-01-2024,24,10:00,23:00,51.517841,-0.303198,2.22,100
285805,11-01-2024,24,10:00,23:00,51.47832,-0.081387,2.42,161
285806,11-01-2024,12,10:00,23:00,51.558508,-0.173757,3.23,85
285807,11-01-2024,12,10:00,23:00,51.530376,0.044604,2.57,107
285808,11-01-2024,55,10:00,23:00,51.581086,-0.123842,7.59,417
285809,11-01-2024,46,10:00,23:00,51.472193,-0.011586,7.59,480
285810,11-01-2024,15,10:00,23:00,51.54499,-0.181788,0.61,57
285811,11-01-2024,13,10:00,23:00,51.358386,0.110495,2.06,98
288089,11-01-2024,16,10:00,23:00,51.448672,-0.014673,1.68,27
288090,11-01-2024,14,10:00,23:00,51.485194,0.092224,1.68,50
288619,11-01-2024,13,10:00,23:00,51.5021,-0.044664,2.94,52
288890,11-01-2024,10,10:00,23:00,51.469287,-0.154045,1.88,80
289409,11-01-2024,10,10:00,23:00,51.455781,-0.106772,2.78,48
289635,11-01-2024,20,10:00,23:00,51.601656,-0.196674,1.56,128
289636,11-01-2024,16,10:00,23:00,51.517969,-0.171485,1.63,177
290991,11-01-2024,47,10:00,23:00,51.439721,-0.356887,2.89,216
291090,11-01-2024,15,10:00,23:00,51.435269,-0.052276,3.02,86
291091,11-01-2024,16,10:00,23:00,51.566648,-0.007189,1.72,40
291726,11-01-2024,17,10:00,23:00,51.401314,-0.100057,3.69,100
293212,11-01-2024,27,10:00,23:00,51.494886,-0.129767,1.84,146
293213,11-01-2024,27,10:00,23:00,51.484736,-0.220562,1.72,111
293259,11-01-2024,11,10:00,23:00,51.378342,-0.099173,3.59,75
293260,11-01-2024,11,10:00,23:00,51.476275,-0.203252,2.76,99
293261,11-01-2024,14,10:00,23:00,51.371578,-0.114333,3.1,93
293276,11-01-2024,28,10:00,23:00,51.375233,-0.084465,1.81,205
293277,11-01-2024,25,10:00,23:00,51.530025,-0.17038,2.36,143
293590,11-01-2024,13,10:00,23:00,51.55957,-0.113516,2.35,89
295397,11-01-2024,29,10:00,23:00,51.370364,-0.145282,3.95,240
295398,11-01-2024,30,10:00,23:00,51.457102,-0.214762,3.95,177
296109,11-01-2024,10,10:00,23:00,51.578227,-0.091172,2.17,49
296110,11-01-2024,20,10:00,23:00,51.438897,-0.188818,3.33,22
296485,11-01-2024,13,10:00,23:00,51.549797,0.111656,1.47,82
297053,11-01-2024,16,10:00,23:00,51.52081,-0.106127,3.76,73
297054,11-01-2024,21,10:00,23:00,51.555293,-0.070022,3.89,92
297259,11-01-2024,89,10:00,23:00,51.557272,-0.276704,6.13,464
297260,11-01-2024,86,10:00,23:00,51.590018,-0.079616,6.13,476
300058,11-01-2024,25,10:00,23:00,51.415738,-0.138789,2.32,201
300162,11-01-2024,13,10:00,23:00,51.45363,-0.324156,3.83,70
300263,11-01-2024,10,10:00,23:00,51.610422,-0.183554,2.94,51
302502,11-01-2024,16,10:00,23:00,51.467429,-0.052452,3.01,86
302503,11-01-2024,11,10:00,23:00,51.455137,0.170233,2.64,115
302541,11-01-2024,18,10:00,23:00,51.595584,-0.057225,1.32,91
302542,11-01-2024,24,10:00,23:00,51.3951,-0.306793,2.64,157
303497,11-01-2024,25,10:00,23:00,51.467185,-0.25585,3.12,208
303498,11-01-2024,26,10:00,23:00,51.462506,-0.004099,3.12,150
304035,11-01-2024,28,10:00,23:00,51.603106,-0.175646,1.77,212
304856,11-01-2024,18,10:00,23:00,51.419033,0.077138,2.02,117
304857,11-01-2024,25,10:00,23:00,51.500902,-0.270054,2.82,96
305233,11-01-2024,25,10:00,23:00,51.530142,-0.090434,3.54,140
306909,11-01-2024,16,10:00,23:00,51.5074,-0.057908,1.68,101
306910,11-01-2024,17,10:00,23:00,51.474742,-0.062916,1.41,94
306911,11-01-2024,10,10:00,23:00,51.507725,-0.351863,2.67,95
306912,11-01-2024,10,10:00,23:00,51.436653,0.094321,0.75,62
306913,11-01-2024,25,10:00,23:00,51.659964,-0.208427,3.01,188
308150,11-01-2024,84,10:00,23:00,51.489297,0.031336,6.83,439
308778,11-01-2024,13,10:00,23:00,51.414053,-0.284318,1.47,47
309574,11-01-2024,14,10:00,23:00,51.431818,0.095687,3.01,66
202496,12-01-2024,10,10:00,23:00,51.441166,-0.053291,3.13,30
202497,12-01-2024,10,10:00,23:00,51.519972,-0.009283,3.29,88
202999,12-01-2024,35,10:00,23:00,51.546642,-0.130135,4.87,287
203000,12-01-2024,46,10:00,23:00,51.580318,-0.217799,4.87,275
203359,12-01-2024,24,10:00,23:00,51.482481,-0.124723,3.67,137
203360,12-01-2024,23,10:00,23:00,51.413829,-0.049816,2.96,157
203467,12-01-2024,30,10:00,23:00,51.414657,-0.177348,2.77,216
203468,12-01-2024,24,10:00,23:00,51.552549,-0.114317,2.77,227
204348,12-01-2024,50,10:00,23:00,51.516085,-0.223287,4.09,259
204740,12-01-2024,20,10:00,23:00,51.435947,-0.111955,2.38,94
204973,12-01-2024,31,10:00,23:00,51.427728,-0.087448,4.01,165
204974,12-01-2024,27,10:00,23:00,51.516543,0.05783,4.01,123
205094,12-01-2024,22,10:00,23:00,51.52512,-0.06646,1.95,99
205095,12-01-2024,18,10:00,23:00,51.493244,-0.189243,1.95,158
205554,12-01-2024,28,10:00,23:00,51.54706,-0.167783,3.01,183
205555,12-01-2024,21,10:00,23:00,51.547329,-0.120693,3.01,196
205706,12-01-2024,57,10:00,23:00,51.469318,-0.351012,3.73,258
205707,12-01-2024,33,10:00,23:00,51.451877,-0.210713,3.51,317
205935,12-01-2024,10,10:00,23:00,51.452118,-0.14058,3.46,98
205936,12-01-2024,10,10:00,23:00,51.501804,-0.095825,3.23,48
206740,12-01-2024,50,10:00,23:00,51.440913,-0.132097,5.23,292
206741,12-01-2024,44,10:00,23:00,51.489765,-0.178188,5.23,332
208547,12-01-2024,24,10:00,23:00,51.515152,-0.162222,3.33,156
208548,12-01-2024,21,10:00,23:00,51.476988,-0.085795,3.34,78
208807,12-01-2024,21,10:00,23:00,51.494835,-0.163196,3.53,194
208808,12-01-2024,26,10:00,23:00,51.420821,0.048946,3.71,234
208809,12-01-2024,11,10:00,23:00,51.525505,-0.017265,2.25,73
209276,12-01-2024,20,10:00,23:00,51.632445,-0.161279,3.06,197
209277,12-01-2024,24,10:00,23:00,51.531113,-0.065186,3.05,155
209894,12-01-2024,26,10:00,23:00,51.55573,-0.069749,4.06,230
209895,12-01-2024,30,10:00,23:00,51.443571,-0.345714,4.06,217
209940,12-01-2024,16,10:00,23:00,51.490524,-0.225691,3.63,146
210005,12-01-2024,43,10:00,23:00,51.520122,-0.055451,3.8,235
210480,12-01-2024,18,10:00,23:00,51.563898,-0.196566,3.94,173
210481,12-01-2024,21,10:00,23:00,51.507782,-0.201733,3.38,152
212041,12-01-2024,27,10:00,23:00,51.565866,-0.350395,2.78,228
213612,12-01-2024,13,10:00,23:00,51.469113,-0.185299,2.07,121
213632,12-01-2024,23,10:00,23:00,51.59994,-0.14989,3.2,179
213633,12-01-2024,20,10:00,23:00,51.573809,-0.002483,3.08,99
214287,12-01-2024,10,10:00,23:00,51.41124,-0.140047,2.44,43
214288,12-01-2024,13,10:00,23:00,51.461982,-0.029428,2.5,120
214289,12-01-2024,51,10:00,23:00,51.44624,-0.144585,7.07,436
214290,12-01-2024,17,10:00,23:00,51.486306,-0.314033,3.4,98
214806,12-01-2024,28,10:00,23:00,51.487932,-0.044315,3.43,203
214807,12-01-2024,32,10:00,23:00,51.460107,0.014549,3.43,186
215518,12-01-2024,22,10:00,23:00,51.65931,-0.05535,2.87,158
215519,12-01-2024,11,10:00,23:00,51.484184,-0.301286,1.62,79
216199,12-01-2024,17,10:00,23:00,51.456877,-0.232927,1.41,66
216200,12-01-2024,18,10:00,23:00,51.510144,0.12464,1.44,47
216201,12-01-2024,11,10:00,23:00,51.56114,-0.072666,1.2,33
216202,12-01-2024,19,10:00,23:00,51.629763,-0.129381,3.83,117
216203,12-01-2024,24,10:00,23:00,51.629284,-0.09045,1.23,135
216206,12-01-2024,17,10:00,23:00,51.470352,-0.139292,1.25,64
216316,12-01-2024,12,10:00,23:00,51.545417,-0.163482,2.72,52
216317,12-01-2024,12,10:00,23:00,51.558785,-0.135276,1.46,32
216701,12-01-2024,16,10:00,23:00,51.483375,-0.195475,2.47,111
216702,12-01-2024,24,10:00,23:00,51.472381,-0.066537,2.88,54
218785,12-01-2024,27,10:00,23:00,51.447172,-0.212567,3.78,216
218786,12-01-2024,22,10:00,23:00,51.514545,-0.157866,2.87,144
219386,12-01-2024,30,10:00,23:00,51.502635,-0.08858,3.54,157
219387,12-01-2024,22,10:00,23:00,51.471843,-0.177004,2.73,120
220487,12-01-2024,10,10:00,23:00,51.479789,-0.087792,1.15,74
220488,12-01-2024,10,10:00,23:00,51.469751,-0.189676,2.3,92
220575,12-01-2024,15,10:00,23:00,51.557075,-0.013783,3.59,132
220578,12-01-2024,15,10:00,23:00,51.400387,-0.197213,3.64,111
221342,12-01-2024,46,10:00,23:00,51.398519,-0.194035,5.33,279
221343,12-01-2024,13,10:00,23:00,51.559908,-0.09386,3.9,91
221344,12-01-2024,12,10:00,23:00,51.602364,-0.064949,2.97,95
222657,12-01-2024,10,10:00,23:00,51.562254,-0.131204,2.45,63
223025,12-01-2024,10,10:00,23:00,51.539153,-0.075471,2.86,68
223026,12-01-2024,10,10:00,23:00,51.491009,-0.165803,0.57,39
223083,12-01-2024,13,10:00,23:00,51.577154,-0.261892,3,49
224585,12-01-2024,10,10:00,23:00,51.460139,-0.164803,1.86,87
224586,12-01-2024,10,10:00,23:00,51.590122,-0.061605,0.66,96
225650,12-01-2024,24,10:00,23:00,51.48526,-0.264295,1.51,190
226137,12-01-2024,35,10:00,23:00,51.478811,-0.031891,4.69,287
226138,12-01-2024,49,10:00,23:00,51.500158,-0.067664,4.69,269
227303,12-01-2024,12,10:00,23:00,51.557427,0.07,1.95,88
227304,12-01-2024,10,10:00,23:00,51.490031,-0.121937,2.75,57
227972,12-01-2024,34,10:00,23:00,51.485771,0.006746,3.77,259
227973,12-01-2024,28,10:00,23:00,51.525199,-0.163464,3.78,262
228006,12-01-2024,17,10:00,23:00,51.402819,-0.300665,1.5,73
228249,12-01-2024,10,10:00,23:00,51.485944,-0.092528,1.83,62
231650,12-01-2024,10,10:00,23:00,51.496489,-0.006508,2.84,45
231651,12-01-2024,10,10:00,23:00,51.472682,-0.141225,1.89,72
232837,12-01-2024,14,10:00,23:00,51.421626,-0.303432,1.39,101
232838,12-01-2024,14,10:00,23:00,51.453258,-0.313211,1.19,55
234102,12-01-2024,50,10:00,23:00,51.475891,-0.088175,4.13,371
234288,12-01-2024,12,10:00,23:00,51.53252,-0.169686,1.69,61
234582,12-01-2024,10,10:00,23:00,51.554452,-0.158563,1.58,89
235101,12-01-2024,42,10:00,23:00,51.569284,-0.021171,5,311
235878,12-01-2024,10,10:00,23:00,51.508308,0.021367,1.46,93
236040,12-01-2024,27,10:00,23:00,51.518972,-0.055216,3.75,199
236867,12-01-2024,10,10:00,23:00,51.546914,-0.113395,3.66,44
236868,12-01-2024,12,10:00,23:00,51.468596,-0.169346,1.25,88
244327,12-01-2024,21,10:00,23:00,51.50465,-0.015254,2.88,95
244328,12-01-2024,15,10:00,23:00,51.440788,-0.143703,2.89,107
244799,12-01-2024,19,10:00,23:00,51.514485,-0.058349,2.83,188
244800,12-01-2024,20,10:00,23:00,51.493991,-0.034269,2.83,130
245304,12-01-2024,107,10:00,23:00,51.532582,-0.03341,11.1,681
245562,12-01-2024,16,10:00,23:00,51.578662,0.080543,3.65,89
245563,12-01-2024,18,10:00,23:00,51.531579,-0.295079,1.33,95
246244,12-01-2024,47,10:00,23:00,51.534234,0.05124,5.4,162
246245,12-01-2024,39,10:00,23:00,51.427614,-0.105056,5.4,195
248365,12-01-2024,17,10:00,23:00,51.449825,0.104087,2.19,44
250701,12-01-2024,10,10:00,23:00,51.519051,-0.038976,2.49,61
250702,12-01-2024,10,10:00,23:00,51.494004,-0.206885,2.66,69
251602,12-01-2024,55,10:00,23:00,51.484972,-0.220406,4.84,367
251603,12-01-2024,95,10:00,23:00,51.512015,-0.004772,4.84,377
251901,12-01-2024,12,10:00,23:00,51.510408,-0.475064,2.24,93
252435,12-01-2024,77,10:00,23:00,51.49369,-0.095708,7.86,543
252436,12-01-2024,82,10:00,23:00,51.472782,-0.021792,7.87,496
252875,12-01-2024,10,10:00,23:00,51.520069,-0.047467,3.56,43
252876,12-01-2024,10,10:00,23:00,51.500008,0.029593,1.16,77
253201,12-01-2024,21,10:00,23:00,51.554977,-0.209732,3.17,120
